timestamp,open,high,low,close,adjusted_close,volume,dividend_amount,split_coefficient
2018-08-31,125.5500,126.0000,122.6000,124.8000,124.8000,201541,0.0000,1.0000
2018-08-30,129.4000,129.4500,124.8500,126.9000,126.9000,180379,0.0000,1.0000
2018-08-29,131.9500,131.9500,129.0500,129.7000,129.7000,97719,0.0000,1.0000
2018-08-28,130.9500,131.9500,130.0000,131.1500,131.1500,128716,0.0000,1.0000
2018-08-27,131.8000,132.5000,129.1000,129.9500,129.9500,142514,0.0000,1.0000
2018-08-24,126.7000,131.3500,126.3500,130.1000,130.1000,152657,0.0000,1.0000
2018-08-23,126.0000,126.5000,125.0000,125.7000,125.7000,81706,0.0000,1.0000
2018-08-22,123.5000,127.3500,123.3500,126.0500,126.0500,263764,0.0000,1.0000
2018-08-21,121.1000,124.0000,120.5000,123.2000,123.2000,260975,0.0000,1.0000
2018-08-20,119.1000,122.0000,119.0000,120.1500,120.1500,150991,0.0000,1.0000
2018-08-17,123.2500,123.3000,117.0500,118.1500,118.1500,262970,0.0000,1.0000
2018-08-16,126.0000,127.8500,121.1000,123.0000,123.0000,273681,0.0000,1.0000
2018-08-15,128.0500,128.0500,121.9500,122.2000,122.2000,340141,0.0000,1.0000
2018-08-14,128.0000,130.9500,126.3000,128.1000,128.1000,311849,0.0000,1.0000
2018-08-13,132.9000,134.5000,131.1000,134.0000,134.0000,281161,0.0000,1.0000
2018-08-10,141.4000,141.4000,133.4500,134.3500,134.3500,399764,0.0000,1.0000
2018-08-09,146.6000,148.1000,142.7000,143.4000,143.4000,199005,0.0000,1.0000
2018-08-08,146.4500,149.8500,142.5000,146.5500,146.5500,302060,0.0000,1.0000
2018-08-07,148.7500,152.4000,147.5000,149.8000,149.8000,202424,0.0000,1.0000
2018-08-06,148.0000,149.6000,146.1000,148.1500,148.1500,182924,0.0000,1.0000
2018-08-03,145.9000,152.9000,145.2500,147.9000,147.9000,250018,0.0000,1.0000
2018-08-02,146.5500,146.6500,140.6000,144.7500,144.7500,248914,0.0000,1.0000
2018-08-01,150.8000,152.8500,147.5000,148.3000,148.3000,200240,0.0000,1.0000
2018-07-31,147.2000,151.0000,146.3000,149.1500,149.1500,213949,0.0000,1.0000
2018-07-30,146.8000,150.2500,145.2000,146.0500,146.0500,153418,0.0000,1.0000
2018-07-27,145.0000,150.7500,145.0000,147.7000,147.7000,302042,0.0000,1.0000
2018-07-26,143.8500,147.6000,141.9500,143.1000,143.1000,316054,0.0000,1.0000
2018-07-25,143.5000,144.2500,135.9000,141.0000,141.0000,387867,0.0000,1.0000
2018-07-24,135.8000,142.0500,135.7500,139.9500,139.9500,305112,0.0000,1.0000
2018-07-23,132.9000,134.4500,130.3000,133.8000,133.8000,137793,0.0000,1.0000
2018-07-20,135.0000,136.6000,132.3000,134.3000,134.3000,201562,0.0000,1.0000
2018-07-19,137.9500,138.2000,134.2000,135.4500,135.4500,185873,0.0000,1.0000
2018-07-18,132.9000,138.2500,132.5500,137.9500,137.9500,186901,0.0000,1.0000
2018-07-17,130.7000,131.3000,129.0000,130.2000,130.2000,110936,0.0000,1.0000
2018-07-16,127.8000,131.4500,126.9500,130.1000,130.1000,167668,0.0000,1.0000
2018-07-13,123.0000,127.2500,123.0000,126.5000,126.5000,171492,0.0000,1.0000
2018-07-12,122.5000,122.8500,120.4000,122.4500,122.4500,122108,0.0000,1.0000
2018-07-11,123.0000,123.0500,119.7500,121.3500,121.3500,164924,0.0000,1.0000
2018-07-10,123.8000,124.9000,121.6000,124.4000,124.4000,147614,0.0000,1.0000
2018-07-09,123.0500,124.9500,122.5500,122.9500,122.9500,168240,0.0000,1.0000
2018-07-06,122.2000,122.4000,119.8500,121.5000,121.5000,157316,0.0000,1.0000
2018-07-05,115.6500,122.2000,115.6500,120.8500,120.8500,272834,0.0000,1.0000
2018-07-04,120.7500,120.7500,113.4500,115.2000,115.2000,337783,0.0000,1.0000
2018-07-03,123.5000,125.2500,122.1500,123.9000,123.9000,264794,0.0000,1.0000
2018-07-02,121.0000,124.4500,119.8500,120.7000,120.7000,219732,0.0000,1.0000
2018-06-29,122.0000,124.8000,121.5000,122.5500,122.5500,255753,0.0000,1.0000
2018-06-28,125.0000,125.9500,117.6500,119.0000,119.0000,305210,0.0000,1.0000
2018-06-27,126.0500,128.4000,123.7000,125.1500,125.1500,253773,0.0000,1.0000
2018-06-26,123.5000,126.9000,123.5000,123.9500,123.9500,215368,0.0000,1.0000
2018-06-25,126.6500,126.6500,120.8500,123.3500,123.3500,322208,0.0000,1.0000
2018-06-22,131.7500,131.8000,126.5000,127.7500,127.7500,220461,0.0000,1.0000
2018-06-21,136.3000,136.9500,130.4500,131.8000,131.8000,199354,0.0000,1.0000
2018-06-20,132.5000,137.0000,131.3500,135.0000,135.0000,311504,0.0000,1.0000
2018-06-19,135.3500,135.3500,130.0000,130.7000,130.7000,247323,0.0000,1.0000
2018-06-18,138.2500,139.8500,133.3500,139.1000,139.1000,240949,0.0000,1.0000
2018-06-15,145.2500,147.9000,138.7000,138.7000,138.7000,235067,0.0000,1.0000
2018-06-14,141.9000,145.8000,138.2500,145.4000,145.4000,251965,0.0000,1.0000
2018-06-13,139.1000,143.4000,136.2000,142.9000,142.9000,236729,0.0000,1.0000
2018-06-12,143.1500,143.1500,136.8500,138.7500,138.7500,179357,0.0000,1.0000
2018-06-11,141.0500,143.4000,138.2500,141.5500,141.5500,160396,0.0000,1.0000
2018-06-08,146.3000,147.0000,139.3000,140.4500,140.4500,321356,0.0000,1.0000
2018-06-07,151.0000,153.9000,147.0500,148.0000,148.0000,150743,0.0000,1.0000
2018-06-06,149.2000,151.4500,147.9000,150.9000,150.9000,124756,0.0000,1.0000
2018-06-05,143.9000,152.2000,143.4500,148.2500,148.2500,201132,0.0000,1.0000
2018-06-04,144.7500,146.3500,142.0000,144.4000,144.4000,112694,0.0000,1.0000
2018-06-01,144.5500,147.3500,140.4500,143.2000,143.2000,264336,0.0000,1.0000
2018-05-31,0.0000,0.0000,0.0000,0.0000,0.0000,0,0.0000,1.0000
2018-05-30,143.9500,147.0500,143.8000,144.9000,144.9000,143302,0.0000,1.0000
2018-05-29,146.5000,146.8500,142.9000,144.8500,144.8500,130714,0.0000,1.0000
2018-05-28,151.7500,151.7500,146.9000,147.6500,147.6500,59983,0.0000,1.0000
2018-05-25,149.1500,152.3000,148.5000,150.0500,150.0500,137123,0.0000,1.0000
2018-05-24,144.9000,149.5500,144.8500,148.0000,148.0000,200399,0.0000,1.0000
2018-05-23,147.9000,148.1000,138.5000,144.6500,144.6500,198037,0.0000,1.0000
2018-05-22,148.4000,150.1500,147.9000,148.3500,148.3500,121626,0.0000,1.0000
2018-05-21,146.9500,146.9500,146.9500,146.9500,146.9500,0,0.0000,1.0000
2018-05-18,151.7000,153.0000,145.8000,146.9500,146.9500,122364,0.0000,1.0000
2018-05-17,151.6500,153.1000,150.9000,152.0500,152.0500,97142,0.0000,1.0000
2018-05-16,150.6500,152.8000,149.7000,151.4500,151.4500,130517,0.0000,1.0000
2018-05-15,150.1500,154.0000,149.7500,150.9000,150.9000,196823,0.0000,1.0000
2018-05-14,150.0000,151.3500,148.8000,150.3500,150.3500,106175,0.0000,1.0000
2018-05-11,148.1000,150.9500,147.6500,150.0000,150.0000,120753,0.0000,1.0000
2018-05-10,147.2500,148.9500,146.6000,148.7000,148.7000,84234,0.0000,1.0000
2018-05-09,146.5000,149.7000,144.8000,146.1000,146.1000,155157,0.0000,1.0000
2018-05-08,145.7500,146.3500,140.6500,146.3500,146.3500,136532,0.0000,1.0000
2018-05-07,143.9500,146.7500,143.1500,146.3000,146.3000,123793,0.0000,1.0000
2018-05-04,141.0500,144.2000,140.3000,142.6500,142.6500,125635,0.0000,1.0000
2018-05-03,140.0000,141.4000,138.2500,139.5000,139.5000,153712,0.0000,1.0000
2018-05-02,134.5000,142.7500,133.6000,140.3000,140.3000,326812,0.0000,1.0000
2018-04-30,132.3000,134.4000,129.6500,133.7000,133.7000,196008,0.0000,1.0000
2018-04-27,134.6000,134.9000,130.5000,131.6000,131.6000,203393,0.0000,1.0000
2018-04-26,133.4500,133.5000,131.1500,132.5500,132.5500,284504,0.0000,1.0000
2018-04-25,141.0000,141.4500,125.0000,132.7000,132.7000,751078,0.0000,1.0000
2018-04-24,140.9500,143.4500,133.7500,140.2500,140.2500,292379,0.0000,1.0000
2018-04-23,140.5500,143.9500,138.9000,143.5000,143.5000,176453,0.0000,1.0000
2018-04-20,142.9500,143.1000,138.7000,140.0000,140.0000,226313,0.0000,1.0000
2018-04-19,152.7000,153.0000,142.5500,144.7000,142.2000,218818,0.0000,1.0000
2018-04-18,152.7000,153.3500,147.7500,152.5000,149.8652,186224,0.0000,1.0000
2018-04-17,148.0000,152.2000,147.5000,152.1000,149.4722,130182,0.0000,1.0000
2018-04-16,150.1500,152.9000,146.4000,146.4500,143.9198,111336,0.0000,1.0000
2018-04-13,150.5000,153.9000,147.3500,149.7000,147.1136,175722,0.0000,1.0000
2018-04-12,141.5000,149.7000,141.5000,149.3000,146.7205,184105,0.0000,1.0000
2018-04-11,147.3000,148.7000,140.7500,142.2000,139.7432,238751,0.0000,1.0000
2018-04-10,140.4500,149.0500,140.2000,147.6500,145.0990,262375,0.0000,1.0000
2018-04-09,137.3000,139.0000,134.7000,138.3000,135.9106,161430,0.0000,1.0000
2018-04-06,138.9000,140.0000,135.4000,135.9000,133.5520,181009,0.0000,1.0000
2018-04-05,139.3500,142.0000,138.3500,141.0500,138.6131,294280,0.0000,1.0000
2018-04-04,138.9500,140.3500,130.7500,133.9000,131.5866,299067,0.0000,1.0000
2018-04-03,136.8000,141.9500,135.9000,139.2000,136.7950,294444,0.0000,1.0000
2018-03-29,141.5500,142.7000,136.8000,138.7500,136.3528,195745,0.0000,1.0000
2018-03-28,144.3500,146.8000,139.3000,140.6000,138.1708,335098,0.0000,1.0000
2018-03-27,152.3000,152.4000,147.9500,149.3000,146.7205,184082,0.0000,1.0000
2018-03-26,149.8000,155.2000,146.8500,148.0000,145.4430,232059,0.0000,1.0000
2018-03-23,150.9500,153.7000,147.6000,149.4000,146.8188,304523,0.0000,1.0000
2018-03-22,158.6000,160.5500,154.6500,157.8000,155.0737,244067,0.0000,1.0000
2018-03-21,155.4000,160.4000,155.2000,159.8500,157.0883,359325,0.0000,1.0000
2018-03-20,150.4500,154.6000,150.4500,153.0000,150.3566,209253,0.0000,1.0000
2018-03-19,151.4000,154.4500,148.3500,150.6000,147.9981,230948,0.0000,1.0000
2018-03-16,155.0000,155.0000,149.2000,151.3000,148.6860,263508,0.0000,1.0000
2018-03-15,148.8000,153.0500,148.5500,152.3500,149.7178,220434,0.0000,1.0000
2018-03-14,148.0000,149.9000,146.9500,147.7000,145.1482,238490,0.0000,1.0000
2018-03-13,148.6000,149.8000,145.2500,148.5000,145.9343,342600,0.0000,1.0000
2018-03-12,145.0500,149.7500,144.9000,148.3500,145.7869,342903,0.0000,1.0000
2018-03-09,138.8500,145.5500,137.7500,142.5000,140.0380,396422,0.0000,1.0000
2018-03-08,129.4000,140.0000,129.2000,139.9000,137.4829,529791,0.0000,1.0000
2018-03-07,125.9500,129.0000,123.4500,128.6500,126.4273,228691,0.0000,1.0000
2018-03-06,123.2000,127.5500,121.4500,126.7000,124.5110,360473,0.0000,1.0000
2018-03-05,120.0000,125.9500,119.0000,120.7000,118.6146,411784,0.0000,1.0000
2018-03-02,116.4500,117.3500,112.1500,112.1500,110.2124,330674,0.0000,1.0000
2018-03-01,120.6000,122.7500,118.0500,119.0000,116.9440,202216,0.0000,1.0000
2018-02-28,120.4500,123.0000,119.8500,121.2000,119.1060,144872,0.0000,1.0000
2018-02-27,120.3000,122.0000,119.2500,120.8000,118.7129,89680,0.0000,1.0000
2018-02-26,121.8500,122.2500,119.0000,120.2500,118.1724,83816,0.0000,1.0000
2018-02-23,118.7000,122.3000,117.0000,120.6000,118.5164,119191,0.0000,1.0000
2018-02-22,118.0000,118.9500,116.8500,117.9000,115.8630,114081,0.0000,1.0000
2018-02-21,119.5000,120.3000,117.3000,119.7000,117.6319,99739,0.0000,1.0000
2018-02-20,119.1000,120.7500,117.0500,119.7500,117.6811,162390,0.0000,1.0000
2018-02-19,119.3000,120.7500,117.7000,119.3000,117.2388,164617,0.0000,1.0000
2018-02-16,117.0000,117.9000,115.1500,117.4000,115.3717,202684,0.0000,1.0000
2018-02-15,120.0000,121.8000,113.8000,116.1000,114.0941,285078,0.0000,1.0000
2018-02-14,111.0000,117.2000,111.0000,116.7000,114.6838,400233,0.0000,1.0000
2018-02-13,111.1000,112.8500,107.7500,108.1000,106.2323,172028,0.0000,1.0000
2018-02-12,114.1500,115.5000,109.7500,111.0000,109.0822,242081,0.0000,1.0000
2018-02-09,113.2500,116.8500,109.1500,112.0000,110.0650,422323,0.0000,1.0000
2018-02-08,125.2000,125.5500,112.0500,112.9000,110.9494,373165,0.0000,1.0000
2018-02-07,127.0000,127.7500,119.1000,123.5000,121.3663,362435,0.0000,1.0000
2018-02-06,112.6000,126.3000,111.7000,123.1000,120.9732,648710,0.0000,1.0000
2018-02-05,119.9000,121.4000,115.1500,120.4500,118.3690,394307,0.0000,1.0000
2018-02-02,123.7000,126.3000,121.7000,122.0500,119.9413,284069,0.0000,1.0000
2018-02-01,126.0000,130.7000,121.9500,123.6000,121.4645,772709,0.0000,1.0000
2018-01-31,136.3500,138.0500,130.6500,133.5000,131.1935,282358,0.0000,1.0000
2018-01-30,138.5000,139.8000,134.5500,136.5000,134.1417,156952,0.0000,1.0000
2018-01-29,140.0000,141.5000,138.6000,139.8500,137.4338,256626,0.0000,1.0000
2018-01-26,136.1500,139.7500,133.8000,138.5500,136.1563,211240,0.0000,1.0000
2018-01-25,135.8500,139.9500,131.1500,135.2500,132.9133,358822,0.0000,1.0000
2018-01-24,141.9000,142.0000,137.2000,137.2000,134.8296,238529,0.0000,1.0000
2018-01-23,143.0000,144.9000,141.2000,142.0500,139.5958,234907,0.0000,1.0000
2018-01-22,139.6500,145.4000,139.3000,140.6000,138.1708,237591,0.0000,1.0000
2018-01-19,138.1000,139.2500,137.3000,138.6500,136.2545,171694,0.0000,1.0000
2018-01-18,138.0500,140.2000,136.6500,137.6000,135.2227,198033,0.0000,1.0000
2018-01-17,135.1500,139.6500,134.8000,136.2500,133.8960,176593,0.0000,1.0000
2018-01-16,139.4000,140.3000,135.0000,136.1000,133.7486,160359,0.0000,1.0000
2018-01-15,138.7500,140.1500,133.8500,139.2500,136.8442,221676,0.0000,1.0000
2018-01-12,132.6000,138.7500,132.0500,138.2000,135.8123,307245,0.0000,1.0000
2018-01-11,129.2000,131.1000,128.1000,129.7500,127.5083,96421,0.0000,1.0000
2018-01-10,130.9500,130.9500,126.2000,128.9000,126.6730,205642,0.0000,1.0000
2018-01-09,133.8500,134.1500,130.2000,132.0500,129.7686,169181,0.0000,1.0000
2018-01-08,133.8000,134.7500,131.2000,133.5000,131.1935,134278,0.0000,1.0000
2018-01-05,132.4000,132.7500,130.6500,132.1000,129.8177,91237,0.0000,1.0000
2018-01-04,134.3000,134.4000,130.2500,132.1500,129.8668,187339,0.0000,1.0000
2018-01-03,127.0000,132.9500,126.8000,132.5500,130.2599,312778,0.0000,1.0000
2018-01-02,122.3000,125.4000,119.9000,125.3500,123.1843,150250,0.0000,1.0000
2017-12-29,123.0000,123.0000,120.2000,121.3000,119.2043,79790,0.0000,1.0000
2017-12-28,122.5000,124.0500,121.4000,122.9000,120.7766,80996,0.0000,1.0000
2017-12-27,122.5000,122.8000,117.6000,122.2000,120.0887,121567,0.0000,1.0000
2017-12-22,123.3500,123.8500,122.1500,123.1000,120.9732,75564,0.0000,1.0000
2017-12-21,121.4500,125.4500,120.9500,124.0000,121.8576,181437,0.0000,1.0000
2017-12-20,123.2000,123.2000,119.6500,121.9000,119.7939,162953,0.0000,1.0000
2017-12-19,124.6500,124.9500,121.8000,122.8000,120.6784,195673,0.0000,1.0000
2017-12-18,122.1000,125.4500,122.1000,124.4000,122.2507,221703,0.0000,1.0000
2017-12-15,116.0500,121.0000,113.5500,119.8500,117.7793,367959,0.0000,1.0000
2017-12-14,117.7500,117.8500,115.5000,116.6000,114.5855,113740,0.0000,1.0000
2017-12-13,115.1500,118.7000,115.0000,117.4000,115.3717,122195,0.0000,1.0000
2017-12-12,116.0000,117.7000,114.9500,116.4500,114.4381,100729,0.0000,1.0000
2017-12-11,121.5000,122.0500,114.1000,116.8500,114.8312,208516,0.0000,1.0000
2017-12-08,120.7000,121.6500,118.2000,120.3000,118.2216,175460,0.0000,1.0000
2017-12-07,116.5000,119.7500,116.2500,117.0000,114.9786,276105,0.0000,1.0000
2017-12-06,116.3000,117.2500,112.2000,114.7500,112.7674,315702,0.0000,1.0000
2017-12-05,117.9000,121.1000,110.5000,120.2000,118.1233,488642,0.0000,1.0000
2017-12-04,123.5000,124.6000,117.2500,119.6500,117.5828,175691,0.0000,1.0000
2017-12-01,126.1500,127.0500,119.2000,120.8500,118.7621,245407,0.0000,1.0000
2017-11-30,119.4500,125.9500,118.5500,124.8000,122.6438,349007,0.0000,1.0000
2017-11-29,132.8500,133.3000,117.1000,121.5000,119.4008,402915,0.0000,1.0000
2017-11-28,132.8500,135.5000,130.1500,131.5000,129.2281,126990,0.0000,1.0000
2017-11-27,137.5000,137.5000,130.7000,132.7500,130.4565,244354,0.0000,1.0000
2017-11-24,139.3500,140.0000,137.2000,138.2000,135.8123,72698,0.0000,1.0000
2017-11-23,135.6500,140.0000,134.5000,139.2500,136.8442,135978,0.0000,1.0000
2017-11-22,140.4000,141.3000,136.4000,136.6500,134.2891,155310,0.0000,1.0000
2017-11-21,136.0000,140.8500,135.9000,140.1000,137.6795,250440,0.0000,1.0000
2017-11-20,130.3500,135.3500,127.3000,134.5500,132.2254,138909,0.0000,1.0000
2017-11-17,134.4000,136.0500,130.8000,133.5000,131.1935,104044,0.0000,1.0000
2017-11-16,133.9000,135.1500,132.2500,133.9000,131.5866,155044,0.0000,1.0000
2017-11-15,134.9500,134.9500,129.7500,132.4500,130.1616,179252,0.0000,1.0000
2017-11-14,133.8000,138.5000,133.2500,137.5000,135.1244,158627,0.0000,1.0000
2017-11-13,141.2000,142.7000,131.3000,132.2500,129.9651,299783,0.0000,1.0000
2017-11-10,128.2500,138.9500,127.9000,138.6500,136.2545,370679,0.0000,1.0000
2017-11-09,132.5000,132.5000,123.5500,125.2000,123.0369,288927,0.0000,1.0000
2017-11-08,131.4000,132.9500,131.2500,132.4000,130.1125,146996,0.0000,1.0000
2017-11-07,135.4500,135.6500,131.1500,131.9000,129.6211,165890,0.0000,1.0000
2017-11-06,134.1000,135.0000,132.5500,134.5500,132.2254,135851,0.0000,1.0000
2017-11-03,132.6000,135.1500,132.5500,133.5000,131.1935,199844,0.0000,1.0000
2017-11-02,131.3000,133.0000,128.8000,131.9500,129.6703,294570,0.0000,1.0000
2017-11-01,132.8000,133.5500,127.2000,131.5000,129.2281,375855,0.0000,1.0000
2017-10-31,127.2000,127.2000,127.2000,127.2000,125.0024,0,0.0000,1.0000
2017-10-30,120.0000,127.2000,119.7000,127.2000,125.0024,262886,0.0000,1.0000
2017-10-27,119.2500,121.0000,118.1000,119.0000,116.9440,179974,0.0000,1.0000
2017-10-26,116.5000,119.3500,112.5000,118.4000,116.3544,264057,0.0000,1.0000
2017-10-25,117.1500,117.2000,114.6000,115.4000,113.4062,150068,0.0000,1.0000
2017-10-24,117.8000,119.3000,116.9500,117.3000,115.2734,156832,0.0000,1.0000
2017-10-23,116.0500,118.1500,115.8500,117.9000,115.8630,103775,0.0000,1.0000
2017-10-20,116.3000,118.0000,115.3500,115.8000,113.7993,106228,0.0000,1.0000
2017-10-19,117.3000,117.4000,113.8500,115.3500,113.3571,156527,0.0000,1.0000
2017-10-18,114.4000,117.4500,113.8000,116.5000,114.4872,160775,0.0000,1.0000
2017-10-17,115.0000,115.1000,111.9000,114.0500,112.0795,152563,0.0000,1.0000
2017-10-16,111.4500,114.9500,111.4500,114.3000,112.3252,175036,0.0000,1.0000
2017-10-13,108.1500,110.7000,108.0000,110.4500,108.5417,118949,0.0000,1.0000
2017-10-12,106.0000,107.5000,105.9000,107.1500,105.2988,285194,0.0000,1.0000
2017-10-11,105.8000,106.3500,102.7000,105.0000,103.1859,87890,0.0000,1.0000
2017-10-10,104.8000,106.1000,104.8000,105.4000,103.5790,128229,0.0000,1.0000
2017-10-09,106.7500,106.8500,104.2500,105.0000,103.1859,97687,0.0000,1.0000
2017-10-06,107.0000,107.1000,104.7500,106.1000,104.2669,134499,0.0000,1.0000
2017-10-05,108.4500,109.5000,106.2000,106.7500,104.9057,175663,0.0000,1.0000
2017-10-04,108.9500,109.9500,107.7500,108.2500,106.3798,178589,0.0000,1.0000
2017-10-03,107.2000,107.2000,107.2000,107.2000,105.3479,0,0.0000,1.0000
2017-10-02,106.0000,107.3000,105.8000,107.2000,105.3479,175188,0.0000,1.0000
2017-09-29,105.5000,105.9000,104.8500,105.0000,103.1859,146762,0.0000,1.0000
2017-09-28,104.5000,105.7000,104.3000,105.2500,103.4316,157229,0.0000,1.0000
2017-09-27,103.6500,105.0500,103.5000,103.5000,101.7118,132004,0.0000,1.0000
2017-09-26,102.6000,103.5000,101.1000,103.2500,101.4661,157645,0.0000,1.0000
2017-09-25,104.2500,105.6500,103.4000,103.9500,102.1540,200584,0.0000,1.0000
2017-09-22,100.1000,107.6000,99.7700,102.8500,101.0730,430633,0.0000,1.0000
2017-09-21,95.6000,98.6900,95.3100,97.0100,95.3339,215169,0.0000,1.0000
2017-09-20,95.5700,95.9900,93.3800,94.6200,92.9852,156275,0.0000,1.0000
2017-09-19,93.7000,96.0100,93.7000,95.4600,93.8107,184030,0.0000,1.0000
2017-09-18,93.4000,94.9100,92.5000,93.5700,91.9534,180435,0.0000,1.0000
2017-09-15,88.3700,93.7900,87.8300,92.8800,91.2753,321295,0.0000,1.0000
2017-09-14,84.3700,88.6600,84.0500,88.5900,87.0594,275307,0.0000,1.0000
2017-09-13,85.7500,85.7500,83.3500,84.0000,82.5487,179410,0.0000,1.0000
2017-09-12,88.4700,88.7700,85.5000,85.5600,84.0818,149067,0.0000,1.0000
2017-09-11,85.3000,88.5000,85.0700,87.6100,86.0964,195269,0.0000,1.0000
2017-09-08,84.9200,85.5300,84.1400,84.4500,82.9909,91191,0.0000,1.0000
2017-09-07,84.6200,86.3000,83.7300,85.0000,83.5314,174588,0.0000,1.0000
2017-09-06,83.3000,84.8600,81.0100,83.9400,82.4898,194308,0.0000,1.0000
2017-09-05,80.8900,85.2200,80.8900,84.2400,82.7846,153002,0.0000,1.0000
2017-09-04,79.6200,81.8500,78.7200,81.1200,79.7185,123732,0.0000,1.0000
2017-09-01,82.5000,83.4700,78.3500,81.9000,80.4850,230878,0.0000,1.0000
2017-08-31,77.4000,82.4400,77.4000,82.0100,80.5931,240825,0.0000,1.0000
2017-08-30,81.5000,81.8400,76.5000,77.8200,76.4755,288464,0.0000,1.0000
2017-08-29,82.6000,82.6000,79.7400,80.9700,79.5711,183623,0.0000,1.0000
2017-08-28,84.2400,84.3200,82.4700,83.2000,81.7625,88167,0.0000,1.0000
2017-08-25,84.4100,85.4500,83.3200,84.6400,83.1777,104472,0.0000,1.0000
2017-08-24,84.5300,85.3600,82.6700,83.6400,82.1949,165413,0.0000,1.0000
2017-08-23,84.0000,85.8000,83.8500,84.1500,82.6961,135381,0.0000,1.0000
2017-08-22,83.7000,84.1200,82.2800,84.1200,82.6666,113410,0.0000,1.0000
2017-08-21,81.3000,83.4500,80.6700,83.0000,81.5660,115298,0.0000,1.0000
2017-08-18,83.0300,83.0600,80.6800,82.2000,80.7798,134113,0.0000,1.0000
2017-08-17,82.8700,84.4900,82.5100,83.8500,82.4013,141860,0.0000,1.0000
2017-08-16,83.2500,83.9700,82.5200,83.3000,81.8608,95719,0.0000,1.0000
2017-08-15,83.5800,84.6500,81.6000,82.5500,81.1238,127685,0.0000,1.0000
2017-08-14,81.1500,83.7400,80.9200,82.3200,80.8978,196054,0.0000,1.0000
2017-08-11,80.5000,80.5600,73.3300,79.7100,78.3328,464250,0.0000,1.0000
2017-08-10,80.6900,83.0000,80.6000,81.4100,80.0035,241143,0.0000,1.0000
2017-08-09,79.5500,82.4000,79.2700,80.7900,79.3942,337432,0.0000,1.0000
2017-08-08,89.8400,89.8400,80.7900,82.0500,80.6324,779903,0.0000,1.0000
2017-08-07,91.1200,92.5300,89.3400,90.0000,88.4451,103545,0.0000,1.0000
2017-08-04,89.7500,91.8000,88.7000,91.0000,89.4278,144523,0.0000,1.0000
2017-08-03,92.2500,92.2600,89.1900,89.9400,88.3861,122359,0.0000,1.0000
2017-08-02,94.0000,94.0000,91.6200,91.8900,90.3024,134951,0.0000,1.0000
2017-08-01,92.2400,94.4800,91.8900,93.2800,91.6684,198929,0.0000,1.0000
2017-07-31,87.2500,94.1800,87.2500,92.0000,90.4105,267626,0.0000,1.0000
2017-07-28,88.0100,88.0100,86.7800,87.0800,85.5755,162433,0.0000,1.0000
2017-07-27,86.6900,88.8200,85.9400,88.6600,87.1282,110955,0.0000,1.0000
2017-07-26,86.8700,88.1700,86.4000,86.6900,85.1922,134235,0.0000,1.0000
2017-07-25,87.5200,88.8500,85.8900,86.6800,85.1824,146718,0.0000,1.0000
2017-07-24,87.0200,88.1800,86.3000,87.4000,85.8900,102615,0.0000,1.0000
2017-07-21,87.4600,87.4700,85.9600,86.8300,85.3298,151227,0.0000,1.0000
2017-07-20,87.9000,88.7700,86.7500,87.4800,85.9686,124862,0.0000,1.0000
2017-07-19,86.0000,88.5900,85.6000,87.2600,85.7524,168710,0.0000,1.0000
2017-07-18,84.7500,85.8000,84.5000,85.1800,83.7083,95852,0.0000,1.0000
2017-07-17,83.6600,85.9700,83.2900,84.9800,83.5118,161456,0.0000,1.0000
2017-07-14,83.0000,83.5000,81.8000,83.1000,81.6643,112978,0.0000,1.0000
2017-07-13,84.5000,84.8000,82.6700,83.0600,81.6250,135850,0.0000,1.0000
2017-07-12,82.5000,85.6500,82.4000,84.0800,82.6273,312263,0.0000,1.0000
2017-07-11,78.7800,79.7800,77.3700,77.9200,76.5738,122010,0.0000,1.0000
2017-07-10,75.0000,78.4000,74.8700,78.0000,76.6524,139927,0.0000,1.0000
2017-07-07,74.6900,75.2200,73.2200,74.3500,73.0654,114229,0.0000,1.0000
2017-07-06,75.0000,76.0000,73.2800,74.6000,73.3111,153034,0.0000,1.0000
2017-07-05,74.4000,75.3600,74.0000,74.9000,73.6059,95267,0.0000,1.0000
2017-07-04,73.9200,75.3400,73.7500,74.4000,73.1146,115698,0.0000,1.0000
2017-07-03,75.0000,75.1000,70.8500,74.5700,73.2816,221482,0.0000,1.0000
2017-06-30,73.7500,76.1300,72.1100,74.1700,72.8886,147603,0.0000,1.0000
2017-06-29,77.5500,78.0800,73.6900,74.3300,73.0458,125541,0.0000,1.0000
2017-06-28,75.5400,77.2900,73.0100,76.8900,75.5616,181755,0.0000,1.0000
2017-06-27,78.5200,78.5200,74.4000,77.2200,75.8859,189064,0.0000,1.0000
2017-06-26,79.9500,80.3800,78.0100,78.9000,77.5368,84027,0.0000,1.0000
2017-06-23,80.9000,80.9000,78.1000,79.5700,78.1953,104814,0.0000,1.0000
2017-06-22,79.5600,81.0800,78.5500,80.8800,79.4826,71835,0.0000,1.0000
2017-06-21,79.2300,80.1500,77.8000,79.4100,78.0380,105314,0.0000,1.0000
2017-06-20,82.0000,82.1500,78.7100,79.2800,77.9103,98745,0.0000,1.0000
2017-06-19,81.0100,81.9300,79.3000,81.3100,79.9052,103548,0.0000,1.0000
2017-06-16,78.3600,81.1300,78.1200,80.6900,79.2959,239364,0.0000,1.0000
2017-06-15,82.7200,82.7200,77.1200,77.6600,76.3183,275292,0.0000,1.0000
2017-06-14,83.3000,84.4800,82.0400,83.0000,81.5660,174266,0.0000,1.0000
2017-06-13,82.5700,84.9800,81.0400,83.1000,81.6643,123208,0.0000,1.0000
2017-06-12,85.5000,85.5000,79.9400,82.2500,80.8290,286609,0.0000,1.0000
2017-06-09,83.6000,87.3600,83.6000,86.2900,84.7992,170190,0.0000,1.0000
2017-06-08,82.5900,83.6800,82.0000,82.9800,81.5463,96967,0.0000,1.0000
2017-06-07,80.9700,83.4500,80.1500,82.5000,81.0746,149628,0.0000,1.0000
2017-06-06,81.9500,82.8900,80.1700,81.3100,79.9052,101029,0.0000,1.0000
2017-06-05,81.6500,81.6500,81.6500,81.6500,80.2393,0,0.0000,1.0000
2017-06-02,81.0000,82.4400,80.3300,81.6500,80.2393,111547,0.0000,1.0000
2017-06-01,79.7500,80.8000,78.0000,80.7300,79.3352,87760,0.0000,1.0000
2017-05-31,81.0000,81.0000,78.5000,79.7700,78.3918,289176,0.0000,1.0000
2017-05-30,80.9600,81.6300,80.2500,80.8000,79.4040,90002,0.0000,1.0000
2017-05-29,81.3200,81.5200,80.2600,80.7900,79.3942,41636,0.0000,1.0000
2017-05-26,82.0000,82.3500,79.4600,81.0000,79.6006,132471,0.0000,1.0000
2017-05-25,77.6000,83.9200,77.1300,82.1900,80.7700,205183,0.0000,1.0000
2017-05-24,76.1200,77.5900,75.0000,77.1800,75.8465,77136,0.0000,1.0000
2017-05-23,76.8800,77.0200,74.3900,76.2200,74.9031,118819,0.0000,1.0000
2017-05-22,78.3000,79.1600,76.3100,77.2000,75.8662,96872,0.0000,1.0000
2017-05-19,75.7000,77.9600,75.6900,77.5900,76.2495,89572,0.0000,1.0000
2017-05-18,76.8900,78.0000,73.4000,75.0000,73.7042,250210,0.0000,1.0000
2017-05-17,79.6300,80.5300,74.9000,76.6400,75.3159,207524,0.0000,1.0000
2017-05-16,78.3100,80.1100,78.3000,79.9900,78.6080,134925,0.0000,1.0000
2017-05-15,77.8100,78.8000,75.3900,78.1300,76.7801,150452,0.0000,1.0000
2017-05-12,75.6000,77.6600,74.7900,77.3600,76.0234,129099,0.0000,1.0000
2017-05-11,73.6600,76.0000,73.2000,75.2900,73.9892,148810,0.0000,1.0000
2017-05-10,71.8900,73.5900,71.7500,73.5400,72.2694,87209,0.0000,1.0000
2017-05-09,72.0000,72.6200,71.0000,71.8500,70.6086,69783,0.0000,1.0000
2017-05-08,71.8500,72.1900,70.4100,72.0000,70.7561,102265,0.0000,1.0000
2017-05-05,71.0000,71.1500,69.5900,70.9000,69.6751,96125,0.0000,1.0000
2017-05-04,69.8200,71.1300,69.2500,71.0000,69.7733,173037,0.0000,1.0000
2017-05-03,69.4700,69.7700,66.5000,69.5100,68.3091,148707,0.0000,1.0000
2017-05-02,66.0300,68.8900,65.7200,68.8100,67.6212,171143,0.0000,1.0000
2017-04-28,63.6000,66.7900,62.4500,66.0000,64.8597,255851,0.0000,1.0000
2017-04-27,64.2000,64.6800,58.4100,63.5100,62.4127,472774,0.0000,1.0000
2017-04-26,63.6400,65.9400,63.5000,64.8000,63.6804,146430,0.0000,1.0000
2017-04-25,60.5000,64.2800,60.5000,63.5400,62.4422,243257,0.0000,1.0000
2017-04-24,64.4400,64.6800,57.6800,60.2700,59.2287,500074,0.0000,1.0000
2017-04-21,63.6500,64.3400,63.0200,63.0400,61.9509,59287,0.0000,1.0000
2017-04-20,62.7500,63.8200,62.7000,63.5000,62.4029,85169,0.0000,1.0000
2017-04-19,62.5900,64.3600,62.2600,62.8800,61.7936,124754,0.0000,1.0000
2017-04-18,64.3800,64.4000,61.3600,61.9900,60.9190,122594,0.0000,1.0000
2017-04-13,63.5000,64.5800,63.1100,64.0700,62.9631,119411,0.0000,1.0000
2017-04-12,66.2800,66.4800,61.1000,63.5300,62.4324,234841,0.0000,1.0000
2017-04-11,68.1500,68.2000,65.2000,65.9700,64.8302,186833,0.0000,1.0000
2017-04-10,67.8900,68.4800,66.8300,68.3500,67.1691,139498,0.0000,1.0000
2017-04-07,65.5000,68.4700,64.3500,67.4500,66.2847,171394,0.0000,1.0000
2017-04-06,65.5500,65.6800,64.4000,65.5000,64.3683,110483,0.0000,1.0000
2017-04-05,64.9500,65.7700,64.3900,65.7700,64.6337,121316,0.0000,1.0000
2017-04-04,64.5000,65.0400,62.7700,64.6500,63.5330,179521,0.0000,1.0000
2017-04-03,62.4000,65.1500,62.4000,64.2600,63.1498,256197,0.0000,1.0000
2017-03-31,61.5000,62.9300,61.0500,62.4400,61.3612,157022,0.0000,1.0000
2017-03-30,62.2600,62.3600,60.3500,61.5500,60.4866,144004,0.0000,1.0000
2017-03-29,62.2000,62.5000,61.4000,62.0800,61.0074,123433,0.0000,1.0000
2017-03-28,60.9500,62.3300,60.9000,61.7500,60.6831,230260,0.0000,1.0000
2017-03-27,59.3000,60.6700,58.7700,60.6700,59.6218,235940,0.0000,1.0000
2017-03-24,58.9000,59.9300,58.8200,59.7000,58.6686,163747,0.0000,1.0000
2017-03-23,57.0000,58.6800,56.9600,58.6800,57.6662,185931,0.0000,1.0000
2017-03-22,56.5000,57.0500,56.1500,56.7500,55.7695,213939,0.0000,1.0000
2017-03-21,56.9500,56.9500,55.5000,55.8900,54.9244,125934,0.0000,1.0000
2017-03-20,55.8500,57.0500,55.7300,56.5000,55.5238,197691,0.0000,1.0000
2017-03-17,54.6300,55.9200,54.6300,55.9200,54.9539,394005,0.0000,1.0000
2017-03-16,55.5000,55.5100,52.8000,54.4900,53.5486,401480,0.0000,1.0000
2017-03-15,55.8000,55.8500,54.3100,55.0000,54.0498,780811,0.0000,1.0000
2017-03-14,59.9500,61.0000,58.1200,59.0100,57.9905,144152,0.0000,1.0000
2017-03-13,58.6400,59.2500,57.8000,59.2500,58.2263,69795,0.0000,1.0000
2017-03-10,58.1600,59.4000,57.6300,58.5400,57.5286,107730,0.0000,1.0000
2017-03-09,58.9500,58.9500,57.4700,58.1300,57.1257,77934,0.0000,1.0000
2017-03-08,58.7600,59.1500,58.2500,59.0000,57.9806,87071,0.0000,1.0000
2017-03-07,58.5900,60.5000,57.6500,58.8500,57.8332,70374,0.0000,1.0000
2017-03-06,59.2000,59.3700,57.8400,58.6900,57.6760,52467,0.0000,1.0000
2017-03-03,60.0000,60.0000,58.7300,59.4000,58.3737,47291,0.0000,1.0000
2017-03-02,60.2000,60.3400,59.0000,60.2400,59.1992,61897,0.0000,1.0000
2017-03-01,58.5000,60.9000,57.9300,60.1100,59.0715,118517,0.0000,1.0000
2017-02-28,57.8000,59.0300,56.9500,58.1800,57.1748,104743,0.0000,1.0000
2017-02-27,57.0100,58.1100,56.6200,57.5000,56.5066,109165,0.0000,1.0000
2017-02-24,59.0000,59.0000,55.2300,56.7900,55.8088,236417,0.0000,1.0000
2017-02-23,59.4600,62.3600,58.8000,59.0000,57.9806,129893,0.0000,1.0000
2017-02-22,60.0400,60.1000,58.6900,59.2500,58.2263,83942,0.0000,1.0000
2017-02-21,58.3500,60.1900,57.7500,60.0400,59.0027,206580,0.0000,1.0000
2017-02-20,57.3700,59.0000,57.2500,57.9200,56.9193,186812,0.0000,1.0000
2017-02-17,57.8700,57.8800,56.1900,56.8000,55.8187,106947,0.0000,1.0000
2017-02-16,56.6100,58.5000,56.3400,57.8000,56.8014,178036,0.0000,1.0000
2017-02-15,57.9100,58.0400,55.5000,56.0000,55.0325,134534,0.0000,1.0000
2017-02-14,57.4900,58.5000,56.5000,57.5000,56.5066,198630,0.0000,1.0000
2017-02-13,55.5000,57.6500,54.7000,57.4400,56.4476,170314,0.0000,1.0000
2017-02-10,54.5600,55.9700,53.4600,54.9600,54.0104,173876,0.0000,1.0000
2017-02-09,48.6750,54.7800,48.6700,54.5700,53.6272,330596,0.0000,1.0000
2017-02-08,49.4400,49.4850,46.1200,48.3000,47.4655,239947,0.0000,1.0000
2017-02-07,49.9800,50.2100,48.5500,49.3000,48.4482,144196,0.0000,1.0000
2017-02-06,51.6500,51.9900,49.7800,50.4100,49.5391,183103,0.0000,1.0000
2017-02-03,51.9000,52.0000,51.2800,51.7000,50.8068,76272,0.0000,1.0000
2017-02-02,51.7500,52.0000,51.5000,51.9000,51.0033,182034,0.0000,1.0000
2017-02-01,50.0000,52.0000,47.5200,51.5000,50.6102,190118,0.0000,1.0000
2017-01-31,51.7000,51.8100,48.8800,49.5200,48.6644,85325,0.0000,1.0000
2017-01-30,51.6000,52.4800,51.3900,51.6700,50.7773,47652,0.0000,1.0000
2017-01-27,51.0000,52.0200,50.6000,51.6400,50.7478,72081,0.0000,1.0000
2017-01-26,52.0000,52.7000,50.9900,51.3700,50.4825,136822,0.0000,1.0000
2017-01-25,52.2300,52.2500,51.3900,51.9000,51.0033,81619,0.0000,1.0000
2017-01-24,52.7900,53.0100,50.6000,52.0000,51.1016,166467,0.0000,1.0000
2017-01-23,49.1450,53.8000,48.9350,52.4200,51.5143,173898,0.0000,1.0000
2017-01-20,48.7500,49.4000,47.9450,49.2650,48.4138,64994,0.0000,1.0000
2017-01-19,47.4700,49.4500,47.4700,48.2600,47.4262,69133,0.0000,1.0000
2017-01-18,47.6000,47.8600,46.5350,47.4250,46.6056,47432,0.0000,1.0000
2017-01-17,48.3950,48.3950,46.3400,46.9900,46.1782,80101,0.0000,1.0000
2017-01-16,47.0000,48.6400,46.5450,48.0500,47.2198,73501,0.0000,1.0000
2017-01-13,46.4550,48.0050,46.0550,47.4400,46.6204,94640,0.0000,1.0000
2017-01-12,47.2450,49.2750,46.7000,47.5100,46.6892,61008,0.0000,1.0000
2017-01-11,47.3550,47.6000,46.0600,47.1200,46.3059,58616,0.0000,1.0000
2017-01-10,45.1300,48.0500,44.5750,47.2000,46.3845,129213,0.0000,1.0000
2017-01-09,44.0750,45.0650,44.0750,44.8850,44.1095,60622,0.0000,1.0000
2017-01-06,43.6700,44.2000,43.4400,43.9350,43.1759,42635,0.0000,1.0000
2017-01-05,44.7900,45.0000,43.5750,43.8400,43.0826,47539,0.0000,1.0000
2017-01-04,45.1500,45.1500,44.0200,44.7900,44.0162,63428,0.0000,1.0000
2017-01-03,44.9300,45.2300,44.3000,44.9850,44.2078,58712,0.0000,1.0000
2017-01-02,44.0850,44.9300,43.6000,44.8000,44.0260,47575,0.0000,1.0000
2016-12-30,44.8000,44.8850,43.3100,44.0250,43.2644,28442,0.0000,1.0000
2016-12-29,45.5900,45.5900,44.3050,44.6700,43.8982,34578,0.0000,1.0000
2016-12-28,44.4900,45.7000,44.1150,45.4000,44.6156,57232,0.0000,1.0000
2016-12-27,44.3700,44.5050,43.6150,44.3900,43.6231,18531,0.0000,1.0000
2016-12-23,44.0050,44.6550,43.4150,43.7150,42.9597,40738,0.0000,1.0000
2016-12-22,45.8100,45.8100,43.3950,43.9100,43.1514,70936,0.0000,1.0000
2016-12-21,45.0000,45.9400,44.8000,45.5500,44.7630,93069,0.0000,1.0000
2016-12-20,44.0000,44.6600,43.3450,44.6600,43.8884,104428,0.0000,1.0000
2016-12-19,45.0700,45.5000,41.6200,43.5000,42.7484,168814,0.0000,1.0000
2016-12-16,42.7350,44.5100,42.7150,44.5000,43.7312,180341,0.0000,1.0000
2016-12-15,39.3800,42.5150,39.0600,42.3350,41.6036,149740,0.0000,1.0000
2016-12-14,37.7900,39.6600,36.3800,39.2150,38.5375,155178,0.0000,1.0000
2016-12-13,41.2000,41.2000,38.2600,39.1650,38.4883,199503,0.0000,1.0000
2016-12-12,40.0000,41.8550,39.4950,41.2900,40.5766,233179,0.0000,1.0000
2016-12-09,44.5500,44.6000,39.1600,40.9000,40.1934,423620,0.0000,1.0000
2016-12-08,45.8500,46.1000,42.5100,44.6150,43.8442,180466,0.0000,1.0000
2016-12-07,42.5500,44.8800,42.3100,44.6600,43.8884,185207,0.0000,1.0000
2016-12-06,40.9500,43.2000,40.8050,41.9650,41.2400,117659,0.0000,1.0000
2016-12-05,38.0000,40.9800,37.6600,40.5000,39.8003,99986,0.0000,1.0000
2016-12-02,38.7200,41.5000,36.7000,38.1700,37.5105,282970,0.0000,1.0000
2016-12-01,37.7000,39.3400,37.0900,38.9350,38.2623,121053,0.0000,1.0000
2016-11-30,36.8150,37.8950,36.7350,37.8550,37.2010,124932,0.0000,1.0000
2016-11-29,36.5150,37.3850,35.7600,36.7700,36.1347,88142,0.0000,1.0000
2016-11-28,36.8950,37.0000,35.1900,36.5000,35.8694,100281,0.0000,1.0000
2016-11-25,37.3550,37.7500,36.4800,36.8350,36.1986,57812,0.0000,1.0000
2016-11-24,37.0000,37.2650,36.2000,37.2500,36.6064,78256,0.0000,1.0000
2016-11-23,38.0150,38.4300,36.1500,37.0000,36.3607,113260,0.0000,1.0000
2016-11-22,37.3150,38.3850,37.2000,37.7500,37.0978,133111,0.0000,1.0000
2016-11-21,35.0000,37.7100,35.0000,36.7800,36.1445,143364,0.0000,1.0000
2016-11-18,35.1550,35.2650,34.7950,35.0000,34.3953,83751,0.0000,1.0000
2016-11-17,35.2200,35.2200,34.6450,34.9500,34.3462,44307,0.0000,1.0000
2016-11-16,33.8550,35.7250,33.8550,35.1800,34.5722,56155,0.0000,1.0000
2016-11-15,33.5500,34.1650,32.9400,33.8000,33.2160,73745,0.0000,1.0000
2016-11-14,33.7000,34.2650,33.5750,33.7000,33.1178,73673,0.0000,1.0000
2016-11-11,34.2500,34.6600,32.8300,33.3000,32.7247,66746,0.0000,1.0000
2016-11-10,33.0700,34.9250,33.0700,33.9000,33.3143,115042,0.0000,1.0000
2016-11-09,30.7500,32.9750,30.0050,32.2000,31.6437,162355,0.0000,1.0000
2016-11-08,31.7600,32.3100,31.4100,32.3100,31.7518,64164,0.0000,1.0000
2016-11-07,32.0000,32.4500,31.2650,31.7000,31.1523,183754,0.0000,1.0000
2016-11-04,30.3000,30.4700,29.4100,30.4100,29.8846,133497,0.0000,1.0000
2016-11-03,31.7250,31.7250,30.1800,30.6450,30.1155,79384,0.0000,1.0000
2016-11-02,31.7300,31.8550,30.6500,31.5650,31.0196,142773,0.0000,1.0000
2016-11-01,33.1250,33.5500,30.5300,32.0000,31.4471,201664,0.0000,1.0000
2016-10-31,31.5850,32.8150,30.8800,32.7700,32.2038,145682,0.0000,1.0000
2016-10-28,28.7200,31.4050,28.7000,31.1200,30.5823,202461,0.0000,1.0000
2016-10-27,27.9300,29.3100,27.7650,28.7000,28.2041,173523,0.0000,1.0000
2016-10-26,27.0000,28.0000,26.7500,27.2700,26.7989,137439,0.0000,1.0000
2016-10-25,25.2400,26.7650,25.1500,26.4000,25.9439,159768,0.0000,1.0000
2016-10-24,24.4000,25.2850,23.9000,25.0800,24.6467,72306,0.0000,1.0000
2016-10-21,23.8500,24.8650,23.8500,24.7750,24.3470,73495,0.0000,1.0000
2016-10-20,23.3000,24.1850,23.3000,23.4900,23.0842,160046,0.0000,1.0000
2016-10-19,22.4000,22.8200,22.2400,22.7000,22.3078,41944,0.0000,1.0000
2016-10-18,22.9000,22.9050,21.8700,22.4450,22.0572,84883,0.0000,1.0000
2016-10-17,23.5050,23.5150,22.4200,22.6300,22.2390,116366,0.0000,1.0000
2016-10-14,23.8250,23.9300,23.2500,23.4900,23.0842,30381,0.0000,1.0000
2016-10-13,24.4000,24.5550,23.4100,23.7000,23.2905,75065,0.0000,1.0000
2016-10-12,25.0000,25.5950,24.3900,24.5000,24.0767,58144,0.0000,1.0000
2016-10-11,25.9800,26.1000,24.8500,24.9900,24.5582,55968,0.0000,1.0000
2016-10-10,25.8200,26.2200,25.7400,25.9250,25.4771,47702,0.0000,1.0000
2016-10-07,25.9500,26.1150,25.6000,25.6500,25.2068,63951,0.0000,1.0000
2016-10-06,26.2600,26.4600,25.6100,26.1150,25.6638,63278,0.0000,1.0000
2016-10-05,24.5200,26.2750,24.5200,25.7000,25.2560,96681,0.0000,1.0000
2016-10-04,23.8250,24.9850,23.6950,24.5100,24.0865,84948,0.0000,1.0000
2016-09-30,23.2000,23.7300,22.4050,23.5150,23.1087,76277,0.0000,1.0000
2016-09-29,24.1850,24.1850,23.1100,23.6300,23.2217,21554,0.0000,1.0000
2016-09-28,24.6400,24.7500,23.8100,24.0000,23.5853,44552,0.0000,1.0000
2016-09-27,24.7600,25.4250,24.3000,24.4500,24.0276,69785,0.0000,1.0000
2016-09-26,23.3500,24.5500,22.9650,24.5500,24.1258,100274,0.0000,1.0000
2016-09-23,23.0950,23.4750,22.9600,23.3000,22.8974,20587,0.0000,1.0000
2016-09-22,22.8200,23.3150,22.5350,23.0700,22.6714,24412,0.0000,1.0000
2016-09-21,22.3600,22.5700,22.2250,22.4650,22.0769,14092,0.0000,1.0000
2016-09-20,22.8550,22.8550,21.8200,22.2000,21.8164,31704,0.0000,1.0000
2016-09-19,23.0300,23.2550,22.5200,23.0050,22.6075,21694,0.0000,1.0000
2016-09-16,22.4900,23.3250,22.3500,23.1600,22.7599,43687,0.0000,1.0000
2016-09-15,21.9850,22.6350,21.4150,22.4950,22.1064,19654,0.0000,1.0000
2016-09-14,21.1450,22.2850,21.1100,21.9050,21.5265,28208,0.0000,1.0000
2016-09-13,22.7700,22.7950,20.8000,21.4150,21.0450,73783,0.0000,1.0000
2016-09-12,22.5800,22.9450,22.0700,22.2300,21.8459,38661,0.0000,1.0000
2016-09-09,23.8000,23.8200,22.2200,23.0000,22.6026,56867,0.0000,1.0000
2016-09-08,23.0750,25.8000,22.7050,23.6400,23.2316,206614,0.0000,1.0000
2016-09-07,20.9800,22.9700,20.8050,22.3050,21.9196,97884,0.0000,1.0000
2016-09-06,19.6100,20.7000,19.5000,20.5000,20.1458,57100,0.0000,1.0000
2016-09-05,19.3100,19.7000,19.1350,19.6050,19.2663,13417,0.0000,1.0000
2016-09-02,18.9250,19.5950,18.9250,19.1950,18.8634,29480,0.0000,1.0000
2016-09-01,18.7100,19.0600,18.2000,18.8950,18.5685,27624,0.0000,1.0000
2016-08-31,18.7350,19.2750,18.1900,19.2750,18.9420,7629,0.0000,1.0000
2016-08-30,18.2000,18.7050,18.2000,18.4500,18.1312,8237,0.0000,1.0000
2016-08-29,18.2850,18.4000,18.0800,18.1050,17.7922,8473,0.0000,1.0000
2016-08-26,17.8950,18.3350,17.6500,18.2150,17.9003,9988,0.0000,1.0000
2016-08-25,17.9400,18.2300,17.7950,17.7950,17.4876,12159,0.0000,1.0000
2016-08-24,18.1500,18.3300,17.2000,17.9900,17.6792,43798,0.0000,1.0000
2016-08-23,17.7500,18.6400,17.6000,17.9300,17.6202,31104,0.0000,1.0000
2016-08-22,18.0000,18.7150,17.6150,17.6150,17.3107,41169,0.0000,1.0000
2016-08-19,17.5000,18.4450,17.3900,18.4450,18.1263,76192,0.0000,1.0000
2016-08-18,16.5000,18.3800,16.5000,18.1000,17.7873,151556,0.0000,1.0000
2016-08-17,16.0900,16.1000,16.0000,16.0850,15.8071,8724,0.0000,1.0000
2016-08-16,16.2700,16.2700,16.0000,16.0050,15.7285,5054,0.0000,1.0000
2016-08-15,15.6700,16.2650,15.6700,16.2650,15.9840,5007,0.0000,1.0000
2016-08-12,15.5650,15.7600,15.5650,15.6900,15.4189,2313,0.0000,1.0000
2016-08-11,16.1000,16.1000,15.5100,15.5450,15.2764,11224,0.0000,1.0000
2016-08-10,16.1750,16.2700,16.0000,16.1000,15.8218,16889,0.0000,1.0000
2016-08-09,16.3000,16.3000,16.0300,16.1850,15.9054,6346,0.0000,1.0000
2016-08-08,15.9300,16.3000,15.9300,15.9600,15.6843,9873,0.0000,1.0000
2016-08-05,15.4200,15.9500,15.4200,15.8000,15.5270,23574,0.0000,1.0000
2016-08-04,15.2000,15.4650,15.1500,15.2050,14.9423,6619,0.0000,1.0000
2016-08-03,15.6850,15.6850,14.9900,15.1650,14.9030,9000,0.0000,1.0000
2016-08-02,15.8000,16.1350,15.4050,15.9000,15.6253,20094,0.0000,1.0000
2016-08-01,15.7900,15.7950,15.5750,15.7950,15.5221,13660,0.0000,1.0000
2016-07-29,15.7500,15.7500,15.3950,15.5950,15.3256,16136,0.0000,1.0000
2016-07-28,15.4000,15.7900,15.1450,15.7400,15.4681,23674,0.0000,1.0000
2016-07-27,14.8050,15.3450,14.6100,15.3450,15.0799,22933,0.0000,1.0000
2016-07-26,14.8400,14.8500,14.5100,14.8450,14.5885,7781,0.0000,1.0000
2016-07-25,15.0300,15.0450,14.4200,14.6450,14.3920,16146,0.0000,1.0000
2016-07-22,15.0300,15.0300,14.8450,14.9750,14.7163,7879,0.0000,1.0000
2016-07-21,14.9450,15.1750,14.8950,14.9000,14.6426,16791,0.0000,1.0000
2016-07-20,14.9500,14.9500,14.7750,14.8800,14.6229,4266,0.0000,1.0000
2016-07-19,14.6200,14.9550,14.6200,14.7000,14.4460,6584,0.0000,1.0000
2016-07-18,15.0000,15.1800,14.5000,14.5050,14.2544,42603,0.0000,1.0000
2016-07-15,14.9000,15.1800,14.6500,14.7900,14.5345,12824,0.0000,1.0000
2016-07-14,14.4500,15.1800,14.4450,14.8050,14.5492,29003,0.0000,1.0000
2016-07-13,14.1500,14.4050,14.1500,14.3400,14.0922,2608,0.0000,1.0000
2016-07-12,14.1250,14.4600,14.0000,14.1450,13.9006,16359,0.0000,1.0000
2016-07-11,14.3900,14.3900,14.0150,14.0800,13.8367,6829,0.0000,1.0000
2016-07-08,14.2300,14.3650,13.9100,14.3650,14.1168,5773,0.0000,1.0000
2016-07-07,14.0950,14.2500,13.8850,14.2500,14.0038,10960,0.0000,1.0000
2016-07-06,13.8550,14.2950,13.6500,14.2950,14.0480,11732,0.0000,1.0000
2016-07-05,14.4500,14.4500,13.9100,13.9350,13.6942,2430,0.0000,1.0000
2016-07-04,14.5000,14.5000,14.0400,14.4900,14.2397,8839,0.0000,1.0000
2016-07-01,14.4750,14.4750,13.8300,14.0000,13.7581,17027,0.0000,1.0000
2016-06-30,14.5050,14.5050,14.0100,14.5000,14.2495,32852,0.0000,1.0000
2016-06-29,14.0900,14.6700,13.7500,13.9500,13.7090,9577,0.0000,1.0000
2016-06-28,14.6950,14.6950,13.6250,13.8500,13.6107,21098,0.0000,1.0000
2016-06-27,14.7850,14.9800,14.4850,14.4850,14.2347,14681,0.0000,1.0000
2016-06-24,13.5000,14.6850,13.5000,14.5950,14.3428,26681,0.0000,1.0000
2016-06-23,15.0950,15.1000,14.4050,15.0000,14.7408,12722,0.0000,1.0000
2016-06-22,15.0200,15.0900,14.8650,15.0000,14.7408,2589,0.0000,1.0000
2016-06-21,15.0500,15.2250,14.7400,14.9100,14.6524,6348,0.0000,1.0000
2016-06-20,15.4150,15.4150,14.9150,14.9150,14.6573,5998,0.0000,1.0000
2016-06-17,15.0000,15.0050,14.4250,15.0000,14.7408,32779,0.0000,1.0000
2016-06-16,14.0000,14.5450,14.0000,14.4000,14.1512,10065,0.0000,1.0000
2016-06-15,14.0700,14.6500,14.0700,14.1500,13.9055,8067,0.0000,1.0000
2016-06-14,14.1000,14.1000,13.8500,14.0000,13.7581,7248,0.0000,1.0000
2016-06-13,14.5500,14.7250,13.8250,14.0500,13.8073,33300,0.0000,1.0000
2016-06-10,15.1200,15.1200,14.6900,14.6900,14.4362,3716,0.0000,1.0000
2016-06-09,15.4500,15.4500,14.9400,14.9450,14.6868,14109,0.0000,1.0000
2016-06-08,15.4100,15.4900,15.1650,15.4000,15.1339,35546,0.0000,1.0000
2016-06-07,15.2050,15.3300,15.0750,15.0750,14.8145,3071,0.0000,1.0000
2016-06-06,15.3000,15.3650,14.9000,14.9000,14.6426,7916,0.0000,1.0000
2016-06-03,15.2500,15.3500,15.2250,15.3000,15.0357,23920,0.0000,1.0000
2016-06-02,15.1500,15.1600,14.9000,14.9000,14.6426,12705,0.0000,1.0000
2016-06-01,15.3000,15.5450,14.8400,14.8400,14.5836,32918,0.0000,1.0000
2016-05-31,15.8100,15.9050,15.4350,15.4350,15.1683,10080,0.0000,1.0000
2016-05-30,16.4800,16.4800,15.7000,15.8100,15.5368,9190,0.0000,1.0000
2016-05-27,16.2350,16.3150,15.9300,16.1250,15.8464,5505,0.0000,1.0000
2016-05-26,16.1350,16.3000,16.0650,16.2000,15.9201,22652,0.0000,1.0000
2016-05-25,16.3850,16.4800,15.8250,16.2100,15.9299,18561,0.0000,1.0000
2016-05-24,15.4550,16.4350,15.4550,16.3000,16.0184,9807,0.0000,1.0000
2016-05-23,14.9800,15.5000,14.9800,15.5000,15.2322,1778,0.0000,1.0000
2016-05-20,14.8050,15.0350,14.8050,14.8800,14.6229,7572,0.0000,1.0000
2016-05-19,14.8000,15.0350,14.6500,14.7500,14.4952,13888,0.0000,1.0000
2016-05-18,15.0500,15.2400,14.7200,14.8000,14.5443,11386,0.0000,1.0000
2016-05-17,15.6000,15.7500,15.1500,15.2100,14.9472,10445,0.0000,1.0000
2016-05-13,15.8000,16.0050,15.6000,15.7250,15.4533,15996,0.0000,1.0000
2016-05-12,16.5500,16.5600,15.8050,15.8050,15.5319,9994,0.0000,1.0000
2016-05-11,16.5550,16.6050,16.5000,16.5500,16.2641,2189,0.0000,1.0000
2016-05-10,16.6150,16.8400,16.6000,16.6000,16.3132,3683,0.0000,1.0000
2016-05-09,16.6900,16.8850,16.6000,16.6000,16.3132,3430,0.0000,1.0000
2016-05-06,16.6400,16.9700,16.6000,16.6000,16.3132,6343,0.0000,1.0000
2016-05-05,16.6000,16.6600,16.5500,16.6000,16.3132,8735,0.0000,1.0000
2016-05-04,16.5000,16.9550,16.5000,16.6850,16.3967,12077,0.0000,1.0000
2016-05-03,16.9600,16.9600,16.5000,16.7200,16.4311,8740,0.0000,1.0000
2016-05-02,17.0800,17.0800,16.6450,16.9300,16.6375,7261,0.0000,1.0000
2016-04-29,16.7000,17.0750,16.3750,17.0750,16.7800,31614,0.0000,1.0000
2016-04-28,17.6500,17.6500,16.5150,16.9000,16.6080,56234,0.0000,1.0000
2016-04-27,17.4000,17.8950,17.3950,17.8500,17.5416,1411,0.0000,1.0000
2016-04-26,17.4050,17.5600,16.7950,17.5000,17.1977,9191,0.0000,1.0000
2016-04-25,17.0000,17.2000,17.0000,17.0500,16.7554,2496,0.0000,1.0000
2016-04-22,17.3300,17.6200,17.0150,17.0500,16.7554,12307,0.0000,1.0000
2016-04-21,17.6500,17.6500,17.3200,17.4000,17.0994,6040,0.0000,1.0000
2016-04-20,17.3600,17.9600,17.1900,17.4600,17.1583,18009,0.0000,1.0000
2016-04-19,17.9400,17.9400,17.2800,17.2800,16.9815,12588,0.0000,1.0000
2016-04-18,17.6000,18.2500,17.1250,17.8050,17.4974,36981,0.0000,1.0000
2016-04-15,16.4000,17.9000,16.3600,17.5000,17.1977,30026,0.0000,1.0000
2016-04-14,16.7500,16.8550,16.4000,16.4800,16.1953,11191,0.0000,1.0000
2016-04-13,17.2950,17.2950,16.6850,16.7500,16.4606,11853,0.0000,1.0000
2016-04-12,17.3950,17.5900,16.7600,16.8500,16.5589,38793,0.0000,1.0000
2016-04-11,16.7500,18.0750,16.4150,17.0000,16.7063,47886,0.0000,1.0000
2016-04-08,16.0000,16.7500,15.9000,16.3450,16.0626,13843,0.0000,1.0000
2016-04-07,15.2200,15.9350,15.2200,15.9350,15.6597,13095,0.0000,1.0000
2016-04-06,15.2150,15.4900,15.0250,15.1500,14.8883,21721,0.0000,1.0000
2016-04-05,15.3500,15.4900,15.2100,15.2100,14.9472,14761,0.0000,1.0000
2016-04-04,15.8000,15.9050,15.3750,15.4800,15.2126,16880,0.0000,1.0000
2016-04-01,15.6900,15.9300,15.3500,15.8500,15.5762,20634,0.0000,1.0000
2016-03-31,15.3600,15.9300,15.2650,15.9300,15.6548,17176,0.0000,1.0000
2016-03-30,15.4000,15.4400,15.2500,15.3900,15.1241,9717,0.0000,1.0000
2016-03-29,15.3000,15.4350,15.2550,15.3100,15.0455,7344,0.0000,1.0000
2016-03-24,15.6500,15.6500,15.2900,15.5000,15.2322,15412,0.0000,1.0000
2016-03-23,15.7200,15.8250,15.3250,15.5050,15.2371,26121,0.0000,1.0000
2016-03-22,15.4050,15.5600,14.8950,15.5600,15.2912,19517,0.0000,1.0000
2016-03-21,15.6000,15.6300,15.4000,15.5500,15.2813,22409,0.0000,1.0000
2016-03-18,15.1500,16.0000,14.9000,15.6700,15.3993,65215,0.0000,1.0000
2016-03-17,15.5000,15.5000,15.1500,15.1500,14.8883,46609,0.0000,1.0000
2016-03-16,15.2000,15.7400,15.1500,15.1500,14.8883,9462,0.0000,1.0000
2016-03-15,15.9800,16.0000,15.1000,15.3000,15.0357,29206,0.0000,1.0000
2016-03-14,14.8550,15.8250,14.8550,15.6050,15.3354,21467,0.0000,1.0000
2016-03-11,15.2400,15.6950,14.8400,14.8500,14.5934,18174,0.0000,1.0000
2016-03-10,14.5800,15.3000,14.5550,14.8100,14.5541,27350,0.0000,1.0000
2016-03-09,14.4300,14.9550,14.4300,14.4500,14.2003,23928,0.0000,1.0000
2016-03-08,15.0100,15.0850,14.4300,14.5600,14.3084,14167,0.0000,1.0000
2016-03-07,15.2500,15.3550,14.9200,15.0700,14.8096,16352,0.0000,1.0000
2016-03-04,15.1700,15.5650,14.7700,15.1000,14.8391,29759,0.0000,1.0000
2016-03-03,15.0000,15.2900,14.7850,15.1500,14.8883,34836,0.0000,1.0000
2016-03-02,14.8500,15.0000,14.6400,14.6400,14.3871,43807,0.0000,1.0000
2016-03-01,14.6000,14.8000,14.4250,14.7000,14.4460,30555,0.0000,1.0000
2016-02-29,15.3000,15.3000,14.4000,14.4000,14.1512,34684,0.0000,1.0000
2016-02-26,14.8100,15.5250,14.6650,14.8200,14.5640,25488,0.0000,1.0000
2016-02-25,15.0100,15.4800,14.4650,14.6350,14.3821,33984,0.0000,1.0000
2016-02-24,15.2000,15.5500,14.2400,14.6100,14.3576,32583,0.0000,1.0000
2016-02-23,16.3100,16.9250,14.8150,15.1600,14.8981,51570,0.0000,1.0000
2016-02-22,14.8000,16.5300,14.8000,15.9850,15.7088,50937,0.0000,1.0000
2016-02-19,15.2550,15.3600,14.3450,14.3450,14.0972,42539,0.0000,1.0000
2016-02-18,13.7500,15.5400,13.5000,15.3500,15.0848,76653,0.0000,1.0000
2016-02-17,14.0100,14.2050,13.4800,13.6200,13.3847,28783,0.0000,1.0000
2016-02-16,14.2000,14.4950,13.3500,13.5600,13.3257,30529,0.0000,1.0000
2016-02-15,12.9850,14.1000,12.8550,13.8550,13.6156,27585,0.0000,1.0000
2016-02-12,12.3000,12.8400,12.3000,12.5250,12.3086,26935,0.0000,1.0000
2016-02-11,12.8200,12.8200,12.1750,12.3000,12.0875,17157,0.0000,1.0000
2016-02-10,13.4400,13.5750,12.6000,12.6000,12.3823,35860,0.0000,1.0000
2016-02-09,13.5000,13.7500,13.2750,13.3100,13.0800,13726,0.0000,1.0000
2016-02-08,14.5200,14.6050,13.5950,13.8000,13.5616,22303,0.0000,1.0000
2016-02-05,15.0000,15.2300,14.5000,14.5000,14.2495,29272,0.0000,1.0000
2016-02-04,15.6000,15.7950,15.0100,15.0100,14.7507,24079,0.0000,1.0000
2016-02-03,16.0300,16.1500,15.5000,15.6100,15.3403,20824,0.0000,1.0000
2016-02-02,16.4000,16.6700,16.2200,16.2200,15.9398,18512,0.0000,1.0000
2016-02-01,16.8500,16.8750,16.0300,16.4000,16.1167,38888,0.0000,1.0000
2016-01-29,16.9350,16.9350,16.4250,16.8000,16.5097,25751,0.0000,1.0000
2016-01-28,16.5500,16.8000,16.2500,16.4200,16.1363,17060,0.0000,1.0000
2016-01-27,17.0550,17.1200,16.6500,16.6500,16.3623,21872,0.0000,1.0000
2016-01-26,16.5000,17.1500,16.2650,16.8450,16.5540,48958,0.0000,1.0000
2016-01-25,17.0000,17.1950,16.6600,16.6950,16.4066,37333,0.0000,1.0000
2016-01-22,17.1000,17.6150,16.8000,16.8000,16.5097,34870,0.0000,1.0000
2016-01-21,17.0000,17.3450,16.7000,16.7000,16.4115,30453,0.0000,1.0000
2016-01-20,17.9900,17.9900,16.9500,17.0400,16.7456,21306,0.0000,1.0000
2016-01-19,18.7250,19.1000,17.7800,17.8600,17.5514,56518,0.0000,1.0000
2016-01-18,19.3000,19.5650,18.7400,18.7400,18.4162,14161,0.0000,1.0000
2016-01-15,19.7500,19.9400,19.3500,19.6050,19.2663,13089,0.0000,1.0000
2016-01-14,20.5200,20.5200,19.3300,19.7000,19.3596,29141,0.0000,1.0000
2016-01-13,21.0200,21.0500,20.2900,20.5000,20.1458,17575,0.0000,1.0000
2016-01-12,20.9200,21.5000,20.8000,20.8000,20.4406,8947,0.0000,1.0000
2016-01-11,22.1000,22.1000,21.0050,21.0050,20.6421,16013,0.0000,1.0000
2016-01-08,21.9450,22.4000,21.5950,21.9100,21.5315,17593,0.0000,1.0000
2016-01-07,22.8000,22.8000,21.2000,22.1650,21.7821,26732,0.0000,1.0000
2016-01-06,22.7000,23.4300,22.4200,22.5000,22.1113,19283,0.0000,1.0000
2016-01-05,23.0000,23.2000,22.2450,22.7500,22.3569,19247,0.0000,1.0000
2016-01-04,22.6000,22.6200,21.8400,21.9300,21.5511,10246,0.0000,1.0000
2015-12-30,22.2050,22.8900,22.2050,22.5900,22.1997,19479,0.0000,1.0000
2015-12-29,22.6000,22.8000,22.2600,22.4100,22.0228,23331,0.0000,1.0000
2015-12-28,22.8000,22.8000,21.9900,22.5000,22.1113,11172,0.0000,1.0000
2015-12-25,22.4550,22.4550,22.4550,22.4550,22.0670,0,0.0000,1.0000
2015-12-23,22.7450,22.7500,22.1000,22.4550,22.0670,12929,0.0000,1.0000
2015-12-22,22.9200,23.0550,22.1200,22.4650,22.0769,15302,0.0000,1.0000
2015-12-21,23.9500,23.9500,22.8250,23.1400,22.7402,16128,0.0000,1.0000
2015-12-18,23.2700,24.5000,23.2700,23.5000,23.0940,167587,0.0000,1.0000
2015-12-17,24.5000,24.5450,23.4200,23.4200,23.0154,52128,0.0000,1.0000
2015-12-16,24.5000,24.8050,23.8050,23.9500,23.5362,18997,0.0000,1.0000
2015-12-15,23.6500,24.4000,23.6500,24.4000,23.9784,8344,0.0000,1.0000
2015-12-14,25.0000,25.0000,23.7750,23.7750,23.3642,5818,0.0000,1.0000
2015-12-11,24.0000,24.2950,24.0000,24.1450,23.7278,3740,0.0000,1.0000
2015-12-10,24.8650,24.8650,23.8200,24.2900,23.8703,12417,0.0000,1.0000
2015-12-09,24.5900,24.5900,24.0300,24.1000,23.6836,5299,0.0000,1.0000
2015-12-08,24.8500,25.0050,24.2900,24.5850,24.1602,7958,0.0000,1.0000
2015-12-07,25.3000,25.3000,24.7050,24.8700,24.4403,13302,0.0000,1.0000
2015-12-04,26.0000,26.0000,24.5300,24.9800,24.5484,19684,0.0000,1.0000
2015-12-03,25.0000,25.5850,24.3000,24.3000,23.8802,7734,0.0000,1.0000
2015-12-02,23.3700,24.8750,22.9900,24.8750,24.4452,14507,0.0000,1.0000
2015-12-01,24.1500,25.0000,23.3500,23.4000,22.9957,22522,0.0000,1.0000
2015-11-30,24.4650,26.4000,23.7600,23.7600,23.3495,123189,0.0000,1.0000
2015-11-27,24.1500,24.6200,23.5200,24.0000,23.5853,18794,0.0000,1.0000
2015-11-26,24.0000,25.2800,23.5750,24.3200,23.8998,27086,0.0000,1.0000
2015-11-25,25.4950,25.4950,23.6350,24.0000,23.5853,9917,0.0000,1.0000
2015-11-24,25.2950,25.2950,24.1900,24.6000,24.1750,12261,0.0000,1.0000
2015-11-23,23.0000,26.0050,22.8350,24.5000,24.0767,12434,0.0000,1.0000
2015-11-20,22.5350,22.8750,22.4650,22.6000,22.2095,10729,0.0000,1.0000
2015-11-19,22.1150,23.0000,21.8000,23.0000,22.6026,15980,0.0000,1.0000
2015-11-18,22.7650,23.3650,22.2650,22.5000,22.1113,9878,0.0000,1.0000
2015-11-17,22.2550,22.8000,22.2250,22.5000,22.1113,12157,0.0000,1.0000
2015-11-16,22.2000,22.8850,22.1350,22.5000,22.1113,15370,0.0000,1.0000
2015-11-13,22.7500,22.7600,22.2800,22.5000,22.1113,14367,0.0000,1.0000
2015-11-12,22.7600,22.7600,22.0900,22.5000,22.1113,11619,0.0000,1.0000
2015-11-11,22.7600,22.7600,22.0000,22.5000,22.1113,13995,0.0000,1.0000
2015-11-10,23.1000,23.1200,22.3350,22.5000,22.1113,12048,0.0000,1.0000
2015-11-09,23.6150,23.9250,22.7600,22.7600,22.3668,12208,0.0000,1.0000
2015-11-06,23.5700,24.5000,23.3050,24.0000,23.5853,46448,0.0000,1.0000
2015-11-05,23.2600,24.2000,23.1650,23.5000,23.0940,108098,0.0000,1.0000
2015-11-04,23.7000,24.5950,23.2600,23.2600,22.8581,11370,0.0000,1.0000
2015-11-03,22.9900,24.0000,22.6750,23.4850,23.0792,14043,0.0000,1.0000
2015-11-02,24.0000,24.3050,23.0100,23.0100,22.6125,15166,0.0000,1.0000
2015-10-30,24.0300,24.5350,21.5900,23.8000,23.3888,26751,0.0000,1.0000
2015-10-29,24.7950,24.7950,23.8650,23.8800,23.4674,23730,0.0000,1.0000
2015-10-28,24.7900,24.7900,24.1000,24.1950,23.7770,10108,0.0000,1.0000
2015-10-27,25.3950,25.3950,24.4350,24.7800,24.3519,7871,0.0000,1.0000
2015-10-26,24.9750,25.3950,24.4200,24.7150,24.2880,2409,0.0000,1.0000
2015-10-23,24.6650,24.9900,24.4500,24.7750,24.3470,8567,0.0000,1.0000
2015-10-22,24.7000,24.7900,24.0050,24.2400,23.8212,20796,0.0000,1.0000
2015-10-21,24.7000,25.0000,24.5000,24.6500,24.2241,1843,0.0000,1.0000
2015-10-20,25.0150,25.3250,24.5100,24.5300,24.1062,7692,0.0000,1.0000
2015-10-19,26.0400,26.4250,25.1450,25.1450,24.7106,7534,0.0000,1.0000
2015-10-16,25.8850,25.9000,25.3650,25.6050,25.1626,1762,0.0000,1.0000
2015-10-15,25.7050,26.6150,24.8350,25.4750,25.0349,10547,0.0000,1.0000
2015-10-14,25.3300,25.3300,24.8000,25.0050,24.5730,2408,0.0000,1.0000
2015-10-13,25.2350,25.2350,24.8600,24.9550,24.5238,1510,0.0000,1.0000
2015-10-12,26.0000,26.0000,24.8050,25.1200,24.6860,23327,0.0000,1.0000
2015-10-09,26.8000,27.6000,25.8000,26.0000,25.5508,10937,0.0000,1.0000
2015-10-08,26.2550,26.3350,25.6000,25.6000,25.1577,5518,0.0000,1.0000
2015-10-07,25.5000,26.6000,25.3050,25.5000,25.0594,9426,0.0000,1.0000
2015-10-06,25.0000,25.7550,24.5550,25.5000,25.0594,8313,0.0000,1.0000
2015-10-05,25.5500,25.5500,24.3500,24.3500,23.9293,4375,0.0000,1.0000
2015-10-02,24.9450,24.9450,24.0450,24.4350,24.0128,10669,0.0000,1.0000
2015-10-01,25.0900,25.4600,24.1350,24.5000,24.0767,20523,0.0000,1.0000
2015-09-30,24.9500,25.2050,23.2000,24.5500,24.1258,8485,0.0000,1.0000
2015-09-29,24.0000,24.5000,23.6300,24.0050,23.5903,11749,0.0000,1.0000
2015-09-28,24.7000,24.7000,24.0000,24.0000,23.5853,2613,0.0000,1.0000
2015-09-25,24.1050,24.9350,24.1050,24.3000,23.8802,4397,0.0000,1.0000
2015-09-24,25.0050,25.0050,24.1050,24.7900,24.3617,3092,0.0000,1.0000
2015-09-23,25.2000,25.2000,24.7750,25.0000,24.5681,7348,0.0000,1.0000
2015-09-22,25.2000,25.3600,24.9950,25.0000,24.5681,5884,0.0000,1.0000
2015-09-21,25.0000,25.2000,24.8250,25.2000,24.7646,2388,0.0000,1.0000
2015-09-18,25.0000,25.8300,24.2950,25.2000,24.7646,14960,0.0000,1.0000
2015-09-17,25.0000,25.8450,25.0000,25.4000,24.9612,3622,0.0000,1.0000
2015-09-16,25.5400,25.5400,24.5150,24.7000,24.2733,30381,0.0000,1.0000
2015-09-15,25.5350,25.6000,24.5050,25.0000,24.5681,9954,0.0000,1.0000
2015-09-14,26.1650,26.1650,24.5150,25.0000,24.5681,10457,0.0000,1.0000
2015-09-11,26.7000,27.1250,26.1000,26.1500,25.6982,4609,0.0000,1.0000
2015-09-10,27.0050,27.4800,26.7300,27.0000,26.5335,5718,0.0000,1.0000
2015-09-09,27.0000,27.0600,26.3050,27.0000,26.5335,26054,0.0000,1.0000
2015-09-08,26.5400,27.4200,26.2050,26.2200,25.7670,4194,0.0000,1.0000
2015-09-07,25.4950,26.0000,25.2600,26.0000,25.5508,5898,0.0000,1.0000
2015-09-04,26.4000,26.4000,25.1400,25.2500,24.8138,7706,0.0000,1.0000
2015-09-03,24.9900,25.8600,24.7600,25.5000,25.0594,11730,0.0000,1.0000
2015-09-02,25.0500,25.8750,24.4150,25.0000,24.5681,4284,0.0000,1.0000
2015-09-01,25.1000,25.2400,24.0400,25.2400,24.8039,10462,0.0000,1.0000
2015-08-31,25.4000,25.4000,25.0000,25.0000,24.5681,2162,0.0000,1.0000
2015-08-28,25.4050,25.8900,25.0500,25.3000,24.8629,13377,0.0000,1.0000
2015-08-27,25.5050,26.4800,25.0550,25.4550,25.0152,18326,0.0000,1.0000
2015-08-26,25.9950,26.6450,25.0100,25.0500,24.6172,24663,0.0000,1.0000
2015-08-25,25.0150,27.8300,25.0000,27.0700,26.6023,8619,0.0000,1.0000
2015-08-24,24.7500,25.3500,23.5150,25.3500,24.9120,12857,0.0000,1.0000
2015-08-21,25.0000,26.0000,24.0000,26.0000,25.5508,14512,0.0000,1.0000
2015-08-20,27.7500,27.7500,26.0000,26.0000,25.5508,12378,0.0000,1.0000
2015-08-19,28.0550,28.9350,27.5050,27.6000,27.1232,13670,0.0000,1.0000
2015-08-18,28.0000,28.8450,27.5200,28.5500,28.0567,8810,0.0000,1.0000
2015-08-17,28.7300,28.7300,27.5050,28.0000,27.5162,12115,0.0000,1.0000
2015-08-14,28.5000,28.5050,28.2500,28.5000,28.0076,5351,0.0000,1.0000
2015-08-13,29.0250,30.0000,28.6050,28.7000,28.2041,9225,0.0000,1.0000
2015-08-12,29.7000,29.7500,28.1050,28.7000,28.2041,27565,0.0000,1.0000
2015-08-11,30.4000,30.4500,29.5150,30.1000,29.5800,15989,0.0000,1.0000
2015-08-10,31.5500,31.8000,30.0600,30.4000,29.8748,19675,0.0000,1.0000
2015-08-07,32.3750,32.4000,31.0100,31.5000,30.9558,28625,0.0000,1.0000
2015-08-06,33.0000,33.0000,30.9600,31.5400,30.9951,11022,0.0000,1.0000
2015-08-05,32.8050,33.0000,32.7000,32.7000,32.1350,4648,0.0000,1.0000
2015-08-04,32.8950,33.0000,32.7000,32.7000,32.1350,948,0.0000,1.0000
2015-08-03,33.3300,33.3300,32.7000,32.7800,32.2137,5896,0.0000,1.0000
2015-07-31,33.0050,33.3300,32.6200,32.9000,32.3316,4532,0.0000,1.0000
2015-07-30,33.0650,33.2600,32.2700,33.0000,32.4299,8096,0.0000,1.0000
2015-07-29,33.0000,33.5200,32.9800,33.0300,32.4593,1133,0.0000,1.0000
2015-07-28,32.0250,33.4750,32.0000,32.9800,32.4102,7933,0.0000,1.0000
2015-07-27,33.3300,33.5050,31.6800,32.0000,31.4471,36834,0.0000,1.0000
2015-07-24,33.8850,34.0000,33.3500,33.5000,32.9212,10565,0.0000,1.0000
2015-07-23,34.0000,34.0000,33.1500,33.3800,32.8033,3100,0.0000,1.0000
2015-07-22,34.2500,34.5000,33.6650,33.6900,33.1079,15313,0.0000,1.0000
2015-07-21,35.0000,35.0150,33.8900,34.2500,33.6583,31400,0.0000,1.0000
2015-07-20,34.6000,35.4900,34.4250,34.4500,33.8548,10765,0.0000,1.0000
2015-07-17,33.7300,35.0000,33.7300,33.8650,33.2799,10186,0.0000,1.0000
2015-07-16,34.0000,34.6150,33.5500,34.0000,33.4126,6992,0.0000,1.0000
2015-07-15,33.7550,34.2650,33.0000,33.6000,33.0195,3210,0.0000,1.0000
2015-07-14,34.2450,34.5000,33.6250,33.7500,33.1669,8253,0.0000,1.0000
2015-07-13,34.5000,34.7300,33.5000,34.2500,33.6583,36004,0.0000,1.0000
2015-07-10,34.5000,35.5000,34.2400,34.4500,33.8548,27814,0.0000,1.0000
2015-07-09,34.0000,34.0100,32.9050,33.7500,33.1669,20412,0.0000,1.0000
2015-07-08,36.1300,36.2150,33.9000,33.9000,33.3143,13291,0.0000,1.0000
2015-07-07,35.8000,36.4400,35.6000,35.6000,34.9849,1402,0.0000,1.0000
2015-07-06,35.9900,35.9900,34.6200,35.1250,34.5181,5756,0.0000,1.0000
2015-07-03,35.9800,36.7200,35.9800,36.0400,35.4173,54391,0.0000,1.0000
2015-07-02,35.7900,35.7900,34.5000,35.0000,34.3953,6557,0.0000,1.0000
2015-07-01,35.2000,36.5900,34.8700,35.0000,34.3953,55882,0.0000,1.0000
2015-06-30,34.0500,35.0000,33.8900,35.0000,34.3953,16705,0.0000,1.0000
2015-06-29,34.6000,35.0050,33.7000,33.7000,33.1178,32417,0.0000,1.0000
2015-06-26,34.6000,35.2000,34.6000,35.0000,34.3953,19195,0.0000,1.0000
2015-06-25,35.2000,35.3000,34.7000,34.7000,34.1005,8794,0.0000,1.0000
2015-06-24,35.2500,35.3300,34.5900,34.7850,34.1840,7130,0.0000,1.0000
2015-06-23,35.2200,35.2500,34.5000,35.2000,34.5918,11022,0.0000,1.0000
2015-06-22,34.2000,35.2000,34.0050,34.5000,33.9039,8580,0.0000,1.0000
2015-06-19,33.9200,34.5000,33.6200,33.8900,33.3045,17539,0.0000,1.0000
2015-06-18,34.4000,34.8450,32.9000,34.0000,33.4126,42527,0.0000,1.0000
2015-06-17,34.1500,34.9900,34.0050,34.3250,33.7320,82441,0.0000,1.0000
2015-06-16,33.9350,34.7500,33.7600,33.9750,33.3880,78041,0.0000,1.0000
2015-06-15,34.0000,34.0000,32.0000,33.7550,33.1718,88887,0.0000,1.0000
2015-06-12,33.4200,34.4000,33.4200,33.9000,33.3143,160827,0.0000,1.0000
2015-06-11,31.5000,33.8850,31.5000,33.1500,32.5773,1930694,0.0000,1.0000
