timestamp,open,high,low,close,adjusted_close,volume,dividend_amount,split_coefficient
2018-08-09,60.4200,60.6200,59.6800,60.0000,60.0000,6438622,0.0000,1.0000
2018-08-08,60.0800,60.8500,59.5000,60.2800,60.2800,11053861,0.0000,1.0000
2018-08-07,62.5000,62.5400,61.0750,61.3200,61.3200,6542422,0.0000,1.0000
2018-08-06,63.8500,64.1200,62.1500,62.3000,62.3000,7453157,0.0000,1.0000
2018-08-03,61.0000,64.9900,60.3800,64.4800,64.4800,16199736,0.0000,1.0000
2018-08-02,59.1000,59.6500,58.2426,59.4000,59.4000,6445079,0.0000,1.0000
2018-08-01,60.0000,60.1000,59.2500,59.2800,59.2800,4013221,0.0000,1.0000
2018-07-31,60.6100,61.1700,60.0100,60.2500,60.2500,6484791,0.0000,1.0000
2018-07-30,60.1000,60.6200,59.8200,60.2800,60.2800,3743085,0.0000,1.0000
2018-07-27,60.6000,61.0492,59.8868,60.2600,60.2600,3771147,0.0000,1.0000
2018-07-26,60.7200,61.7000,60.2300,60.4800,60.4800,4082245,0.0000,1.0000
2018-07-25,59.7100,60.1600,58.9400,59.8400,59.8400,3714103,0.0000,1.0000
2018-07-24,60.3000,60.4700,59.1500,59.6700,59.6700,6373973,0.0000,1.0000
2018-07-23,60.4000,60.8900,60.1400,60.3000,60.3000,4857479,0.0000,1.0000
2018-07-20,61.2700,61.3800,60.5500,60.6900,60.6900,5810265,0.0000,1.0000
2018-07-19,61.3100,62.0100,60.8800,61.3400,61.3400,6839523,0.0000,1.0000
2018-07-18,63.0500,63.1800,61.5400,61.5900,61.5900,5196379,0.0000,1.0000
2018-07-17,62.6400,63.3800,62.5500,63.0500,63.0500,5032274,0.0000,1.0000
2018-07-16,63.8900,63.9900,62.5900,62.6400,62.6400,4164898,0.0000,1.0000
2018-07-13,63.6400,64.5900,63.5000,63.8500,63.8500,3997874,0.0000,1.0000
2018-07-12,63.9300,64.0500,63.2900,63.6400,63.6400,2659873,0.0000,1.0000
2018-07-11,63.9100,64.2800,63.5100,63.7400,63.7400,2520903,0.0000,1.0000
2018-07-10,64.3400,64.3400,63.3299,64.0000,64.0000,3112931,0.0000,1.0000
2018-07-09,64.6500,64.7500,63.6200,63.9700,63.9700,3079892,0.0000,1.0000
2018-07-06,64.0000,64.6200,63.6700,64.4300,64.4300,3329977,0.0000,1.0000
2018-07-05,63.2800,64.0000,62.6400,63.9500,63.9500,2834472,0.0000,1.0000
2018-07-03,62.3300,63.1300,62.3300,62.6400,62.6400,1673997,0.0000,1.0000
2018-07-02,62.5000,62.5900,61.5200,62.0900,62.0900,3666571,0.0000,1.0000
2018-06-29,62.9100,63.2300,62.1300,62.8200,62.8200,3812514,0.0000,1.0000
2018-06-28,62.8400,63.3200,62.5050,62.6500,62.6500,3688044,0.0000,1.0000
2018-06-27,62.9900,63.8150,62.5100,62.6900,62.6900,3250094,0.0000,1.0000
2018-06-26,63.5800,63.6100,62.3500,63.2100,63.2100,4190412,0.0000,1.0000
2018-06-25,62.8500,64.5400,62.8200,63.3200,63.3200,4976504,0.0000,1.0000
2018-06-22,62.8100,63.4500,62.6600,63.2100,63.2100,4247154,0.0000,1.0000
2018-06-21,63.0500,63.2000,62.2500,62.5700,62.5700,4955968,0.0000,1.0000
2018-06-20,62.2700,63.3400,62.0000,63.0400,63.0400,6027638,0.0000,1.0000
2018-06-19,60.5900,62.2700,60.5000,62.1400,62.1400,5974347,0.0000,1.0000
2018-06-18,61.4300,62.6500,60.4700,60.8700,60.8700,4491278,0.0000,1.0000
2018-06-15,60.8100,61.6400,60.3900,61.6100,61.6100,7616366,0.0000,1.0000
2018-06-14,60.3900,61.0100,59.9400,60.6700,60.6700,3572735,0.0000,1.0000
2018-06-13,60.3600,60.6800,59.6500,60.1000,60.1000,3477913,0.0000,1.0000
2018-06-12,60.2300,60.6500,59.2900,60.1200,60.1200,4309335,0.0000,1.0000
2018-06-11,58.6000,60.1400,58.5800,59.8800,59.8800,5252022,0.0000,1.0000
2018-06-08,57.7900,58.5900,57.6700,58.4700,58.4700,4266701,0.0000,1.0000
2018-06-07,57.5100,58.1600,57.0700,57.6700,57.6700,4501767,0.0000,1.0000
2018-06-06,58.0900,58.0900,57.0100,57.9200,57.9200,4826824,0.0000,1.0000
2018-06-05,58.7800,58.7916,57.6674,57.9200,57.9200,4920252,0.0000,1.0000
2018-06-04,57.8500,58.6600,57.7500,58.4200,58.4200,3626342,0.0000,1.0000
2018-06-01,57.6400,58.1800,57.2800,57.6500,57.6500,4745573,0.0000,1.0000
2018-05-31,58.7900,58.9400,57.1500,57.4800,57.4800,6787367,0.0000,1.0000
2018-05-30,57.6500,59.0600,57.4400,58.8400,58.8400,5587263,0.0000,1.0000
2018-05-29,57.5700,57.8600,56.9400,57.4000,57.4000,4231433,0.0000,1.0000
2018-05-25,57.1200,58.1200,57.1000,57.7700,57.7700,3296003,0.0000,1.0000
2018-05-24,57.0000,57.1600,56.3800,57.0600,57.0600,2750630,0.0000,1.0000
2018-05-23,56.3000,57.0800,56.3000,56.9800,56.9800,3134890,0.0000,1.0000
2018-05-22,56.5800,57.2558,56.2100,56.5800,56.5800,4179549,0.0000,1.0000
2018-05-21,57.0000,57.3500,56.2024,56.4500,56.4500,4588290,0.0000,1.0000
2018-05-18,57.6100,57.6600,55.7148,56.7900,56.7900,9528961,0.0000,1.0000
2018-05-17,58.7200,58.8400,57.7200,58.0600,58.0600,4694109,0.6250,1.0000
2018-05-16,59.0600,59.3200,58.5300,59.2900,58.6586,4334020,0.0000,1.0000
2018-05-15,59.1600,59.4900,58.6200,59.0400,58.4112,5662579,0.0000,1.0000
2018-05-14,59.3700,59.6000,58.9200,59.2800,58.6487,4228669,0.0000,1.0000
2018-05-11,58.9700,59.8600,58.9700,59.2400,58.6091,3980257,0.0000,1.0000
2018-05-10,58.7500,59.3500,58.5500,59.0400,58.4112,3934204,0.0000,1.0000
2018-05-09,58.9397,59.3200,58.0900,58.4800,57.8572,5002321,0.0000,1.0000
2018-05-08,58.6900,59.1300,57.6200,58.7600,58.1342,7163199,0.0000,1.0000
2018-05-07,58.5000,59.2450,58.1900,58.8300,58.2035,7337413,0.0000,1.0000
2018-05-04,55.0000,58.4500,54.6900,58.0100,57.3922,9221324,0.0000,1.0000
2018-05-03,56.2700,56.4000,54.9400,54.9500,54.3648,10380801,0.0000,1.0000
2018-05-02,55.8800,55.9500,54.1100,54.2000,53.6228,9045083,0.0000,1.0000
2018-05-01,56.3200,56.4400,55.3000,55.7000,55.1068,6350226,0.0000,1.0000
2018-04-30,57.9000,58.1600,56.3600,56.3800,55.7795,6761579,0.0000,1.0000
2018-04-27,57.4300,58.2600,57.3600,57.6600,57.0459,4096136,0.0000,1.0000
2018-04-26,57.0300,57.4657,56.5100,57.3300,56.7194,5147357,0.0000,1.0000
2018-04-25,56.5200,57.4000,56.2900,56.8500,56.2445,6766568,0.0000,1.0000
2018-04-24,57.9500,58.0000,56.1100,56.5300,55.9280,8266824,0.0000,1.0000
2018-04-23,58.0000,58.1900,57.4100,57.6800,57.0657,7905132,0.0000,1.0000
2018-04-20,59.8500,60.1580,57.5500,58.2200,57.6000,9765756,0.0000,1.0000
2018-04-19,60.7500,60.8900,59.6300,59.7300,59.0939,7461758,0.0000,1.0000
2018-04-18,61.6600,61.8000,60.3500,60.7900,60.1426,5525760,0.0000,1.0000
2018-04-17,61.6900,61.8100,61.0900,61.6900,61.0330,4444054,0.0000,1.0000
2018-04-16,60.0200,61.3100,59.9200,61.1900,60.5383,5445991,0.0000,1.0000
2018-04-13,61.0700,61.1300,60.4900,60.9200,60.2712,3746048,0.0000,1.0000
2018-04-12,61.5300,61.7053,60.7800,60.9400,60.2910,5145771,0.0000,1.0000
2018-04-11,60.8500,61.8300,60.7800,61.5400,60.8846,3852552,0.0000,1.0000
2018-04-10,61.6500,61.8200,60.6200,61.2500,60.5977,4698408,0.0000,1.0000
2018-04-09,60.8900,61.4000,60.3400,60.6500,60.0041,4669254,0.0000,1.0000
2018-04-06,61.0900,61.9800,60.1600,60.5400,59.8952,3931975,0.0000,1.0000
2018-04-05,61.7000,61.9000,60.9500,61.3100,60.6570,4272661,0.0000,1.0000
2018-04-04,59.7900,61.8230,59.7261,61.3800,60.7263,4764448,0.0000,1.0000
2018-04-03,60.6200,60.6600,59.4800,60.2400,59.5984,6325261,0.0000,1.0000
2018-04-02,61.9400,62.0000,59.7900,60.0600,59.4204,5294234,0.0000,1.0000
2018-03-29,61.7900,62.6200,61.6848,62.2900,61.6266,5001881,0.0000,1.0000
2018-03-28,60.8400,61.9600,60.7510,61.3700,60.7164,4778242,0.0000,1.0000
2018-03-27,61.7400,61.9800,60.3900,60.7000,60.0535,5074952,0.0000,1.0000
2018-03-26,60.8800,61.7300,60.5300,61.6500,60.9934,5156049,0.0000,1.0000
2018-03-23,60.7300,61.6569,59.9500,60.0300,59.3907,6123183,0.0000,1.0000
2018-03-22,61.7300,61.9600,60.4900,60.5300,59.8854,8030598,0.0000,1.0000
2018-03-21,62.5300,62.7600,61.7500,61.9900,61.3298,6941225,0.0000,1.0000
2018-03-20,64.0300,64.2100,62.8200,63.1800,62.5071,7368488,0.0000,1.0000
2018-03-19,65.1800,65.3600,63.5800,63.9500,63.2689,6818483,0.0000,1.0000
2018-03-16,65.4500,65.8400,64.9400,65.3600,64.6639,7004447,0.0000,1.0000
2018-03-15,66.4000,66.6700,65.1148,65.4600,64.7628,4857811,0.0000,1.0000
2018-03-14,67.6100,67.9100,66.2200,66.5800,65.8709,3878512,0.0000,1.0000
2018-03-13,67.8400,67.9500,67.1600,67.3700,66.6525,3247660,0.0000,1.0000
2018-03-12,67.2600,67.8900,67.1000,67.7000,66.9790,2635624,0.0000,1.0000
2018-03-09,67.2000,67.6000,66.5300,67.2300,66.5140,4887604,0.0000,1.0000
2018-03-08,67.1700,67.3600,66.4650,66.9900,66.2766,3433052,0.6250,1.0000
2018-03-07,67.3500,67.5900,66.7300,67.4600,66.1246,3316451,0.0000,1.0000
2018-03-06,67.7000,67.8700,67.2300,67.7700,66.4285,3539445,0.0000,1.0000
2018-03-05,66.7200,67.7300,66.7200,67.4300,66.0952,3910845,0.0000,1.0000
2018-03-02,67.0200,67.6100,66.5200,67.1700,65.8404,4820795,0.0000,1.0000
2018-03-01,67.1400,67.9890,66.3600,66.8900,65.5659,5209561,0.0000,1.0000
2018-02-28,68.2700,68.5900,67.0300,67.0500,65.7227,6121125,0.0000,1.0000
2018-02-27,69.6100,70.0150,67.8600,67.8700,66.5265,5361340,0.0000,1.0000
2018-02-26,69.6000,70.0000,68.5600,69.7400,68.3595,7463338,0.0000,1.0000
2018-02-23,67.9600,69.1100,67.3500,69.0200,67.6537,5442319,0.0000,1.0000
2018-02-22,67.3800,68.2490,67.0500,67.6400,66.3011,5956791,0.0000,1.0000
2018-02-21,68.9200,68.9300,67.4400,67.4700,66.1344,6533929,0.0000,1.0000
2018-02-20,70.7800,70.8000,68.0200,68.6900,67.3303,8270052,0.0000,1.0000
2018-02-16,69.9400,71.2500,67.6500,70.8000,69.3985,14643115,0.0000,1.0000
2018-02-15,72.1900,72.7800,70.6500,72.7100,71.2707,7347549,0.0000,1.0000
2018-02-14,71.3400,72.0400,70.7000,71.9200,70.4963,5379896,0.0000,1.0000
2018-02-13,71.5200,71.9900,70.6799,71.7100,70.2905,3998489,0.0000,1.0000
2018-02-12,71.5200,72.6300,71.4500,71.8100,70.3885,4341375,0.0000,1.0000
2018-02-09,72.0000,72.6600,70.2452,71.3800,69.9670,5989196,0.0000,1.0000
2018-02-08,73.6000,74.0400,71.2500,71.5800,70.1631,7056679,0.0000,1.0000
2018-02-07,73.8400,74.7100,73.5200,73.5500,72.0941,6702526,0.0000,1.0000
2018-02-06,73.8400,74.3200,72.0500,74.3100,72.8390,7331622,0.0000,1.0000
2018-02-05,77.2900,77.9385,74.1750,74.2600,72.7900,4416634,0.0000,1.0000
2018-02-02,78.1200,78.3400,76.6500,77.1900,75.6620,5165439,0.0000,1.0000
2018-02-01,78.1200,78.9500,77.6000,78.5700,77.0147,3089957,0.0000,1.0000
2018-01-31,78.6200,78.8800,77.8500,78.3900,76.8383,4683847,0.0000,1.0000
2018-01-30,78.6400,79.6600,78.4300,78.5000,76.9461,3280443,0.0000,1.0000
2018-01-29,79.1700,79.8800,78.3900,78.4200,76.8677,3198449,0.0000,1.0000
2018-01-26,79.9000,80.0000,78.4000,79.3900,77.8185,4652916,0.0000,1.0000
2018-01-25,80.0000,80.4450,79.3820,79.6700,78.0929,2543321,0.0000,1.0000
2018-01-24,80.5000,80.5900,79.7100,79.8600,78.2792,3067388,0.0000,1.0000
2018-01-23,79.7600,80.5300,79.5600,80.2700,78.6810,2632162,0.0000,1.0000
2018-01-22,79.8200,80.4500,79.7600,80.1700,78.5830,3870050,0.0000,1.0000
2018-01-19,79.5300,79.9600,79.1000,79.6600,78.0831,3693848,0.0000,1.0000
2018-01-18,80.1600,80.6000,79.0200,79.2700,77.7008,3325289,0.0000,1.0000
2018-01-17,79.1100,80.6700,78.7900,80.0700,78.4850,6403742,0.0000,1.0000
2018-01-16,77.9700,78.9204,77.5600,78.6400,77.0833,5255188,0.0000,1.0000
2018-01-12,77.3500,77.5700,76.6000,77.3500,75.8188,4195991,0.0000,1.0000
2018-01-11,78.0200,78.2000,77.0200,77.1300,75.6032,3427499,0.0000,1.0000
2018-01-10,78.6500,78.6500,77.4000,77.8900,76.3482,3641006,0.0000,1.0000
2018-01-09,78.5400,78.7200,78.0500,78.6200,77.0637,3422597,0.0000,1.0000
2018-01-08,77.8200,78.5800,77.8200,78.4800,76.9265,3123885,0.0000,1.0000
2018-01-05,78.0400,78.3300,77.2300,77.8400,76.2991,4080990,0.0000,1.0000
2018-01-04,77.2300,78.2200,77.0600,77.9100,76.3678,3569053,0.0000,1.0000
2018-01-03,77.3300,77.5900,76.9000,77.0100,75.4856,3335092,0.0000,1.0000
2018-01-02,78.2200,78.3100,76.8800,77.0200,75.4954,3977956,0.0000,1.0000
2017-12-29,77.7000,78.6800,77.6900,77.7600,76.2207,2381845,0.0000,1.0000
2017-12-28,78.2200,78.2900,77.7200,77.9200,76.3776,1824653,0.0000,1.0000
2017-12-27,78.2400,78.6000,77.9500,77.9800,76.4364,1721021,0.0000,1.0000
2017-12-26,78.1200,78.4700,78.0000,78.1100,76.5638,2524144,0.0000,1.0000
2017-12-22,78.1400,78.6000,77.8800,78.2400,76.6912,3081942,0.0000,1.0000
2017-12-21,77.8400,78.1700,77.0700,77.8800,76.3384,4313946,0.0000,1.0000
2017-12-20,78.8100,78.8900,77.3200,77.3800,75.8483,3683971,0.0000,1.0000
2017-12-19,79.5200,79.8200,78.3900,78.5200,76.9657,2872284,0.0000,1.0000
2017-12-18,79.9800,80.3600,79.2900,79.3700,77.7989,2630886,0.0000,1.0000
2017-12-15,79.8000,79.8300,79.0100,79.5400,77.9655,6197047,0.0000,1.0000
2017-12-14,79.2800,79.7000,78.8700,78.9800,77.4166,3291294,0.0000,1.0000
2017-12-13,79.2500,79.6000,78.7699,79.2800,77.7106,2938776,0.0000,1.0000
2017-12-12,78.3300,79.0900,78.1200,78.9500,77.3872,3088605,0.0000,1.0000
2017-12-11,78.1800,78.3900,77.1900,78.3700,76.8187,3810083,0.0000,1.0000
2017-12-08,79.6000,79.7055,77.9350,78.4800,76.9265,5263395,0.0000,1.0000
2017-12-07,80.1700,80.5000,79.3100,79.3600,77.7891,2388447,0.0000,1.0000
2017-12-06,80.7500,81.1400,80.2400,80.4900,78.8967,2559574,0.0000,1.0000
2017-12-05,82.0500,82.4800,80.5100,80.6400,79.0437,3161201,0.0000,1.0000
2017-12-04,81.3200,82.2900,81.1650,81.9200,80.2984,2825626,0.0000,1.0000
2017-12-01,80.9500,81.6000,80.2900,81.2100,79.6024,3354028,0.0000,1.0000
2017-11-30,81.4400,82.1800,80.5000,81.3700,79.7593,4404524,0.0000,1.0000
2017-11-29,78.9500,81.5600,78.8300,81.0900,79.4848,4044759,0.0000,1.0000
2017-11-28,79.7000,79.8600,78.7150,78.9800,77.4166,3090835,0.0000,1.0000
2017-11-27,79.7600,80.0400,79.4500,79.6100,78.0341,4535752,0.0000,1.0000
2017-11-24,80.2500,80.3500,79.5400,79.7600,78.1811,1144834,0.0000,1.0000
2017-11-22,80.0400,80.2000,79.5900,79.8200,78.2400,2913964,0.0000,1.0000
2017-11-21,80.1200,80.2900,79.7600,80.0100,78.4262,2426553,0.0000,1.0000
2017-11-20,79.7000,80.9600,79.6300,79.9300,78.3478,3736690,0.0000,1.0000
2017-11-17,79.6300,80.0700,79.2750,79.6300,78.0537,4255187,0.0000,1.0000
2017-11-16,78.7200,80.1600,78.5101,79.6800,78.1027,3028937,0.6250,1.0000
2017-11-15,79.4900,79.8900,78.5700,78.7800,76.6195,3243074,0.0000,1.0000
2017-11-14,79.5400,79.8800,79.0300,79.3800,77.2031,2786616,0.0000,1.0000
2017-11-13,79.6600,80.3700,79.6000,79.8500,77.6602,3174875,0.0000,1.0000
2017-11-10,78.9700,79.8800,78.9700,79.7200,77.5338,3367320,0.0000,1.0000
2017-11-09,79.2600,79.9399,79.0200,79.4100,77.2323,3249835,0.0000,1.0000
2017-11-08,78.6400,80.0900,78.2200,79.5800,77.3976,4058749,0.0000,1.0000
2017-11-07,76.9300,78.6400,76.4900,78.1800,76.0360,3347109,0.0000,1.0000
2017-11-06,78.0900,78.2200,76.5100,77.0000,74.8884,4667796,0.0000,1.0000
2017-11-03,77.8700,78.1900,77.5700,78.0000,75.8609,4041871,0.0000,1.0000
2017-11-02,76.8400,78.1900,75.5100,78.0300,75.8901,6519248,0.0000,1.0000
2017-11-01,77.7100,77.8600,77.0800,77.7000,75.5692,4021840,0.0000,1.0000
2017-10-31,76.1800,77.4000,76.0200,77.3300,75.2093,4802742,0.0000,1.0000
2017-10-30,77.2000,77.2200,75.2100,75.2700,73.2058,5060565,0.0000,1.0000
2017-10-27,76.8200,77.4700,76.2350,77.3000,75.1801,3736598,0.0000,1.0000
2017-10-26,77.5900,77.9400,77.1500,77.3000,75.1801,2783198,0.0000,1.0000
2017-10-25,76.7300,77.4200,76.2300,77.3300,75.2093,3841665,0.0000,1.0000
2017-10-24,77.1200,77.4200,76.9300,77.2200,75.1023,2883929,0.0000,1.0000
2017-10-23,76.8800,77.1000,76.4500,77.0600,74.9467,3981750,0.0000,1.0000
2017-10-20,76.7700,77.1000,76.1200,76.7100,74.6063,4721242,0.0000,1.0000
2017-10-19,77.0000,77.0880,76.3100,76.4700,74.3729,3847620,0.0000,1.0000
2017-10-18,77.4100,77.4620,76.6700,77.1000,74.9856,3269193,0.0000,1.0000
2017-10-17,77.7300,78.0100,77.3400,77.5400,75.4135,4357336,0.0000,1.0000
2017-10-16,77.7900,78.0950,77.4800,77.6500,75.5205,3419175,0.0000,1.0000
2017-10-13,78.5500,78.6000,77.6600,77.7400,75.6081,3706973,0.0000,1.0000
2017-10-12,78.3500,78.6478,78.0400,78.1500,76.0068,2469427,0.0000,1.0000
2017-10-11,78.0600,78.6600,77.9200,78.1900,76.0457,2306849,0.0000,1.0000
2017-10-10,77.7500,78.2500,77.6600,78.1400,75.9971,2836741,0.0000,1.0000
2017-10-09,78.2900,78.6200,77.1950,77.3300,75.2093,2667994,0.0000,1.0000
2017-10-06,78.8400,78.9400,77.9850,78.1800,76.0360,2340636,0.0000,1.0000
2017-10-05,77.9500,78.4850,77.7000,78.2500,76.1041,2823248,0.0000,1.0000
2017-10-04,77.2300,78.1500,76.7600,77.7700,75.6372,3679898,0.0000,1.0000
2017-10-03,77.9500,78.1400,77.2900,77.8200,75.6859,2365539,0.0000,1.0000
2017-10-02,77.5500,78.2700,76.8900,77.8500,75.7150,3605035,0.0000,1.0000
2017-09-29,78.0300,78.2690,77.4400,77.5500,75.4233,3649925,0.0000,1.0000
2017-09-28,78.2800,78.7500,77.7300,77.9700,75.8318,2718002,0.0000,1.0000
2017-09-27,78.6400,78.8000,77.8000,78.2300,76.0846,3060557,0.0000,1.0000
2017-09-26,78.6000,78.9100,78.0300,78.5900,76.4348,3123062,0.0000,1.0000
2017-09-25,77.6000,78.4500,77.4700,78.4200,76.2694,4303089,0.0000,1.0000
2017-09-22,79.0100,79.2400,77.4000,77.5200,75.3941,4721776,0.0000,1.0000
2017-09-21,79.9900,80.4600,78.9400,79.0100,76.8432,2959473,0.0000,1.0000
2017-09-20,80.4900,80.5600,79.1300,79.8700,77.6797,6105726,0.0000,1.0000
2017-09-19,81.3000,81.4200,80.6000,80.8300,78.6133,2315441,0.0000,1.0000
2017-09-18,81.2400,81.6100,81.0400,81.4000,79.1677,2704727,0.0000,1.0000
2017-09-15,81.3300,81.8800,80.5200,81.4300,79.1969,5884678,0.0000,1.0000
2017-09-14,81.9800,82.0000,81.0000,81.2800,79.0510,2875239,0.0000,1.0000
2017-09-13,82.2600,82.3500,81.6700,81.9100,79.6637,2821652,0.0000,1.0000
2017-09-12,82.8200,82.9800,82.0600,82.1800,79.9263,2228242,0.0000,1.0000
2017-09-11,82.1000,82.5600,81.9600,82.5500,80.2862,2846495,0.0000,1.0000
2017-09-08,81.4500,82.0200,80.6600,81.7200,79.4789,3539809,0.0000,1.0000
2017-09-07,81.4500,81.7200,80.8300,81.4600,79.2260,3203174,0.0000,1.0000
2017-09-06,81.2300,81.4000,80.8300,81.3300,79.0996,2357084,0.0000,1.0000
2017-09-05,80.7200,81.5000,80.5500,81.1500,78.9245,3281065,0.0000,1.0000
2017-09-01,80.7500,81.1000,80.1000,80.8500,78.6328,4890208,0.0000,1.0000
2017-08-31,81.1000,82.1000,80.2900,80.7500,78.5355,5374072,0.0000,1.0000
2017-08-30,81.5000,82.1900,81.2300,81.9300,79.6832,3285275,0.0000,1.0000
2017-08-29,81.7800,82.1100,81.0875,81.4400,79.2066,3477830,0.0000,1.0000
2017-08-28,82.7800,83.0000,81.6250,82.1400,79.8874,2625274,0.0000,1.0000
2017-08-25,83.2800,83.3200,82.4500,82.6000,80.3348,3278067,0.0000,1.0000
2017-08-24,84.5000,84.5900,82.6900,82.8000,80.5293,3283308,0.0000,1.0000
2017-08-23,84.9500,85.1600,84.4800,84.7500,82.4258,1667866,0.0000,1.0000
2017-08-22,84.7600,85.1300,84.6500,85.0500,82.7176,2014599,0.0000,1.0000
2017-08-21,84.7300,84.7300,84.2500,84.5500,82.2313,1717620,0.0000,1.0000
2017-08-18,84.9200,85.2800,84.1600,84.4900,82.1730,2733906,0.0000,1.0000
2017-08-17,86.2700,86.7600,85.0800,85.1100,82.7760,2919534,0.0000,1.0000
2017-08-16,86.4500,86.6800,86.2800,86.5000,84.1278,1884643,0.6250,1.0000
2017-08-15,87.0500,87.2000,86.5015,86.7400,83.7561,1736544,0.0000,1.0000
2017-08-14,86.7500,87.2900,86.5000,87.0200,84.0264,2446116,0.0000,1.0000
2017-08-11,85.9000,86.5700,85.6400,86.4700,83.4954,2503394,0.0000,1.0000
2017-08-10,85.9200,86.4000,85.5800,85.8900,82.9353,3005872,0.0000,1.0000
2017-08-09,86.0000,86.7400,85.5100,86.4600,83.4857,2495813,0.0000,1.0000
2017-08-08,86.6400,86.9800,86.0200,86.1600,83.1960,2668137,0.0000,1.0000
2017-08-07,86.5400,87.2300,86.2600,87.0200,84.0264,3185892,0.0000,1.0000
2017-08-04,87.5800,87.5800,85.9810,86.6600,83.6788,7918432,0.0000,1.0000
2017-08-03,86.9000,87.5990,86.3300,86.5100,83.5340,3860639,0.0000,1.0000
2017-08-02,86.2900,87.1400,85.4800,86.8700,83.8816,3728626,0.0000,1.0000
2017-08-01,87.3800,87.7700,86.5500,86.6700,83.6885,3234283,0.0000,1.0000
2017-07-31,87.7900,87.9900,86.9800,87.4600,84.4513,2386301,0.0000,1.0000
2017-07-28,87.8000,88.0700,87.0700,87.6400,84.6251,1883804,0.0000,1.0000
2017-07-27,87.5300,88.2200,87.3100,88.1900,85.1562,3003940,0.0000,1.0000
2017-07-26,87.5000,90.3800,87.4101,87.6600,84.6444,2901050,0.0000,1.0000
2017-07-25,86.2400,87.6100,86.1450,87.4200,84.4127,2739808,0.0000,1.0000
2017-07-24,86.1200,86.3100,85.6001,86.2200,83.2540,1695767,0.0000,1.0000
2017-07-21,85.6600,86.1900,85.4100,86.1600,83.1960,2693952,0.0000,1.0000
2017-07-20,86.1000,86.1000,85.6650,85.9000,82.9450,2760517,0.0000,1.0000
2017-07-19,85.6300,85.8500,85.2100,85.6900,82.7422,2159064,0.0000,1.0000
2017-07-18,85.6900,85.8500,85.1732,85.6000,82.6553,1558256,0.0000,1.0000
2017-07-17,85.6800,85.7500,85.0900,85.6000,82.6553,1821875,0.0000,1.0000
2017-07-14,85.3100,85.7000,84.8300,85.6500,82.7036,2427648,0.0000,1.0000
2017-07-13,84.7400,85.0400,84.3350,84.8500,81.9311,2595407,0.0000,1.0000
2017-07-12,84.3300,85.1800,84.2900,84.7000,81.7863,3996093,0.0000,1.0000
2017-07-11,82.2000,83.9900,82.2000,83.7500,80.8689,4926462,0.0000,1.0000
2017-07-10,83.3900,83.7300,82.7600,82.7700,79.9226,2954775,0.0000,1.0000
2017-07-07,82.5800,83.9000,82.2000,83.0400,80.1834,3367780,0.0000,1.0000
2017-07-06,83.3000,83.6100,82.6200,82.8200,79.9709,3334196,0.0000,1.0000
2017-07-05,84.4600,84.7600,83.6450,83.7900,80.9076,4351017,0.0000,1.0000
2017-07-03,85.9600,86.1000,84.3900,84.4700,81.5642,2905466,0.0000,1.0000
2017-06-30,87.2000,87.2700,85.5000,85.6400,82.6939,3072485,0.0000,1.0000
2017-06-29,87.6900,87.8125,85.4500,85.7600,82.8098,5012442,0.0000,1.0000
2017-06-28,88.1100,88.4900,87.2100,87.8200,84.7989,2929936,0.0000,1.0000
2017-06-27,88.7600,88.9500,87.4800,87.5100,84.4996,2923059,0.0000,1.0000
2017-06-26,89.5300,89.7300,88.8700,88.9400,85.8804,1694776,0.0000,1.0000
2017-06-23,89.4000,89.4000,88.5700,88.8500,85.7935,3093654,0.0000,1.0000
2017-06-22,89.4700,89.7500,88.8950,89.1000,86.0349,2600585,0.0000,1.0000
2017-06-21,89.3100,89.6975,89.1100,89.4000,86.3246,2176485,0.0000,1.0000
2017-06-20,89.6600,89.7722,89.1400,89.2800,86.2087,2618085,0.0000,1.0000
2017-06-19,89.9600,90.2400,89.0200,89.8500,86.7591,3288327,0.0000,1.0000
2017-06-16,90.8700,91.2200,88.9100,89.4100,86.3342,7186250,0.0000,1.0000
2017-06-15,91.1600,91.8400,91.0100,91.6500,88.4972,2300694,0.0000,1.0000
2017-06-14,92.1500,92.4500,90.9900,91.4600,88.3137,1689511,0.0000,1.0000
2017-06-13,90.6800,91.6600,90.1700,91.5900,88.4392,1881928,0.0000,1.0000
2017-06-12,90.6000,92.4200,90.4285,91.2500,88.1109,2697612,0.0000,1.0000
2017-06-09,92.4800,92.5400,90.4600,90.8300,87.7054,2782351,0.0000,1.0000
2017-06-08,93.4600,93.6700,92.4750,92.5700,89.3855,2397003,0.0000,1.0000
2017-06-07,93.4500,93.8800,93.1400,93.7700,90.5442,1955191,0.0000,1.0000
2017-06-06,93.4500,93.8700,93.0800,93.2100,90.0035,1745256,0.0000,1.0000
2017-06-05,93.5800,93.7000,93.0500,93.4400,90.2256,1662394,0.0000,1.0000
2017-06-02,92.9400,93.5500,92.3800,93.5400,90.3222,2499687,0.0000,1.0000
2017-06-01,92.3500,92.7400,91.4200,92.7300,89.5400,2444573,0.0000,1.0000
2017-05-31,92.6300,92.9500,91.9700,92.2000,89.0282,2147595,0.0000,1.0000
2017-05-30,92.9400,93.0000,92.1875,92.4600,89.2793,1932823,0.0000,1.0000
2017-05-26,92.9000,93.0900,92.5200,92.9900,89.7911,1290092,0.0000,1.0000
2017-05-25,92.6900,93.0100,92.3800,92.8100,89.6173,1654448,0.0000,1.0000
2017-05-24,92.0000,92.6600,91.7800,92.5900,89.4048,1794603,0.0000,1.0000
2017-05-23,91.2100,92.0000,91.0100,91.8700,88.7096,1788675,0.0000,1.0000
2017-05-22,90.1100,91.3300,90.0400,91.1800,88.0433,1812832,0.0000,1.0000
2017-05-19,89.7500,90.5500,89.4000,90.2800,87.1743,2686466,0.0000,1.0000
2017-05-18,89.6500,90.7300,88.9100,90.1600,87.0584,2783533,0.0000,1.0000
2017-05-17,88.9100,90.1401,88.5100,89.5100,86.4308,3703678,0.6000,1.0000
2017-05-16,89.2600,89.8300,88.8500,89.1100,85.4716,1698141,0.0000,1.0000
2017-05-15,88.7600,89.4700,88.5600,89.4500,85.7977,1994069,0.0000,1.0000
2017-05-12,89.3400,89.4500,88.6700,88.9500,85.3181,1806474,0.0000,1.0000
2017-05-11,88.8000,89.4600,88.8000,89.2800,85.6347,1380383,0.0000,1.0000
2017-05-10,89.1100,89.4000,88.9400,89.3300,85.6826,1641677,0.0000,1.0000
2017-05-09,89.2300,89.6507,88.8700,89.2000,85.5579,2043658,0.0000,1.0000
2017-05-08,89.5800,89.7700,89.0000,89.4800,85.8265,2304920,0.0000,1.0000
2017-05-05,89.8600,90.1000,89.1800,89.6300,85.9704,2258953,0.0000,1.0000
2017-05-04,88.0000,91.8000,87.1400,89.7000,86.0375,6379778,0.0000,1.0000
2017-05-03,90.2200,90.2200,88.9000,89.1400,85.5004,2641075,0.0000,1.0000
2017-05-02,89.6400,89.8300,88.7600,89.0000,85.3661,3047292,0.0000,1.0000
2017-05-01,90.6500,90.7500,89.3500,89.4700,85.8169,3352488,0.0000,1.0000
2017-04-28,91.2000,91.2300,89.8300,90.3900,86.6994,2882787,0.0000,1.0000
2017-04-27,90.9200,91.4200,90.6600,90.8300,87.1214,2198139,0.0000,1.0000
2017-04-26,92.3200,92.3300,90.8800,90.9200,87.2077,2700965,0.0000,1.0000
2017-04-25,92.6400,92.8950,92.2800,92.2900,88.5218,1799962,0.0000,1.0000
2017-04-24,92.0100,92.8700,92.0100,92.5600,88.7808,2154155,0.0000,1.0000
2017-04-21,92.1300,92.2400,91.5600,91.6000,87.8599,1969817,0.0000,1.0000
2017-04-20,92.1100,92.4000,91.5500,92.0400,88.2820,1787936,0.0000,1.0000
2017-04-19,92.4300,92.4500,91.6900,91.8500,88.0997,1978523,0.0000,1.0000
2017-04-18,91.5400,92.6300,91.3300,92.5000,88.7232,2135091,0.0000,1.0000
2017-04-17,91.8000,91.9600,91.0300,91.5800,87.8408,1803779,0.0000,1.0000
2017-04-13,92.0500,92.0500,91.4801,91.5000,87.7640,1816348,0.0000,1.0000
2017-04-12,91.0300,92.1400,91.0100,91.9300,88.1765,2007448,0.0000,1.0000
2017-04-11,90.8900,91.0700,90.3875,90.8300,87.1214,1396543,0.0000,1.0000
2017-04-10,90.6500,91.0000,90.1600,90.8900,87.1789,3496948,0.0000,1.0000
2017-04-07,91.1700,91.4900,90.6700,90.7000,86.9967,2000272,0.0000,1.0000
2017-04-06,91.4900,91.7900,90.6500,90.9500,87.2365,2096946,0.0000,1.0000
2017-04-05,91.1000,92.4200,91.0300,91.4200,87.6873,2694733,0.0000,1.0000
2017-04-04,90.7000,91.2500,90.2700,91.2200,87.4955,2193999,0.0000,1.0000
2017-04-03,90.8000,91.2800,90.6300,91.0600,87.3420,3414988,0.0000,1.0000
2017-03-31,90.8800,91.1900,90.5700,90.8100,87.1022,2205051,0.0000,1.0000
2017-03-30,91.4300,91.6700,91.0400,91.1000,87.3804,1143400,0.0000,1.0000
2017-03-29,91.2000,91.6000,91.0600,91.4900,87.7544,1462578,0.0000,1.0000
2017-03-28,90.7800,91.6650,90.7800,91.4100,87.6777,2223337,0.0000,1.0000
2017-03-27,91.5000,91.5900,91.0913,91.2500,87.5242,1699017,0.0000,1.0000
2017-03-24,92.2400,92.4000,91.3200,91.6800,87.9367,1703782,0.0000,1.0000
2017-03-23,92.0500,92.7800,91.9000,92.0100,88.2532,1833318,0.0000,1.0000
2017-03-22,92.2500,92.7500,92.0400,92.2900,88.5218,1540330,0.0000,1.0000
2017-03-21,92.3100,92.7800,91.5900,91.9000,88.1477,2373303,0.0000,1.0000
2017-03-20,92.0300,92.9500,91.8900,92.3600,88.5889,2062998,0.0000,1.0000
2017-03-17,93.6000,93.6700,91.8200,91.9800,88.2244,5655915,0.0000,1.0000
2017-03-16,92.7400,93.2700,92.1600,92.7700,88.9822,4139046,0.0000,1.0000
2017-03-15,91.5900,92.1400,91.0900,91.8400,88.0901,2076292,0.0000,1.0000
2017-03-14,91.1600,91.3500,90.6700,91.0600,87.3420,2097343,0.0000,1.0000
2017-03-13,91.3700,91.5000,91.0200,91.1800,87.4571,2182943,0.0000,1.0000
2017-03-10,92.0800,92.0910,91.2600,91.5100,87.7736,2277111,0.0000,1.0000
2017-03-09,90.7700,91.5850,90.6200,91.5300,87.7928,2108524,0.0000,1.0000
2017-03-08,90.6700,91.1700,90.4400,90.9000,87.1885,2034763,0.0000,1.0000
2017-03-07,90.8100,91.4400,90.7200,90.8000,87.0926,1490968,0.0000,1.0000
2017-03-06,91.0200,91.5100,90.7900,91.1600,87.4379,2044942,0.0000,1.0000
2017-03-03,91.2500,91.5000,90.8100,91.5000,87.7640,1653039,0.0000,1.0000
2017-03-02,91.5000,91.6900,90.7800,91.2800,87.5530,2552714,0.0000,1.0000
2017-03-01,91.7700,91.9100,90.6500,91.4300,87.6969,2858644,0.6000,1.0000
2017-02-28,90.6800,91.9800,90.3500,91.5100,87.2014,4267732,0.0000,1.0000
2017-02-27,92.6000,92.8700,90.3300,90.6100,86.3437,6085677,0.0000,1.0000
2017-02-24,93.5100,93.8000,92.5700,93.0800,88.6975,2670483,0.0000,1.0000
2017-02-23,93.2900,93.6200,92.3500,92.9400,88.5640,2901140,0.0000,1.0000
2017-02-22,94.8500,95.0000,92.9900,93.3600,88.9643,5000119,0.0000,1.0000
2017-02-21,91.8200,95.4800,91.3500,94.8700,90.4032,14423224,0.0000,1.0000
2017-02-17,92.0000,97.7700,91.8500,96.6500,92.0994,30007660,0.0000,1.0000
2017-02-16,89.1000,89.8400,86.3500,87.2800,83.1705,10584747,0.0000,1.0000
2017-02-15,91.1300,91.3000,90.2600,91.0950,86.8059,3083858,0.0000,1.0000
2017-02-14,90.5700,91.0625,90.1000,90.8100,86.5343,2323242,0.0000,1.0000
2017-02-13,90.3100,90.6000,89.6950,90.5800,86.3152,1812547,0.0000,1.0000
2017-02-10,89.6000,90.5400,89.3400,90.2000,85.9531,1882092,0.0000,1.0000
2017-02-09,89.2700,90.3900,89.0400,89.7800,85.5528,2708309,0.0000,1.0000
2017-02-08,88.8100,89.3100,88.7900,89.1900,84.9906,3300398,0.0000,1.0000
2017-02-07,88.7100,89.0200,88.5000,88.8100,84.6285,2599297,0.0000,1.0000
2017-02-06,89.3000,89.4000,88.6400,88.7000,84.5237,1359780,0.0000,1.0000
2017-02-03,89.2100,89.3500,88.6400,89.2700,85.0668,2205056,0.0000,1.0000
2017-02-02,88.5100,89.1000,88.3200,88.6100,84.4379,1826675,0.0000,1.0000
2017-02-01,88.8900,89.3350,88.3075,88.4100,84.2473,1816784,0.0000,1.0000
2017-01-31,88.9000,89.5600,88.8350,89.2900,85.0859,2650528,0.0000,1.0000
2017-01-30,89.0900,89.5000,88.6300,89.0800,84.8858,2233590,0.0000,1.0000
2017-01-27,88.9600,89.7700,88.7800,89.4300,85.2193,1842940,0.0000,1.0000
2017-01-26,89.4900,89.9000,88.7150,89.4100,85.2002,3092073,0.0000,1.0000
2017-01-25,88.9300,89.2700,88.4100,88.8400,84.6571,2267495,0.0000,1.0000
2017-01-24,88.9100,89.1900,88.3200,88.6900,84.5141,2171124,0.0000,1.0000
2017-01-23,88.6600,88.9500,88.2000,88.8000,84.6190,2654131,0.0000,1.0000
2017-01-20,88.3500,89.0000,88.0100,88.9500,84.7619,2795514,0.0000,1.0000
2017-01-19,88.1800,88.4300,87.5500,87.8500,83.7137,1690802,0.0000,1.0000
2017-01-18,87.8000,88.5900,87.8000,88.3500,84.1902,2881765,0.0000,1.0000
2017-01-17,86.7100,87.9750,86.7100,87.9200,83.7804,2304841,0.0000,1.0000
2017-01-13,87.4200,87.4300,86.5775,87.0300,82.9323,1799100,0.0000,1.0000
2017-01-12,86.8300,87.7700,86.5000,87.4200,83.3039,2484719,0.0000,1.0000
2017-01-11,86.1200,87.0400,86.0400,86.7600,82.6750,2754510,0.0000,1.0000
2017-01-10,85.8500,86.3000,85.4100,85.9100,81.8650,2539939,0.0000,1.0000
2017-01-09,86.2500,86.4750,85.5900,86.0700,82.0175,2482512,0.0000,1.0000
2017-01-06,86.5300,86.6298,85.8300,86.3100,82.2462,2450244,0.0000,1.0000
2017-01-05,86.9000,87.3000,86.0800,86.5300,82.4558,3037390,0.0000,1.0000
2017-01-04,87.5200,87.9700,86.9000,87.0300,82.9323,2274880,0.0000,1.0000
2017-01-03,87.8500,87.9700,86.4000,87.5300,83.4088,3104614,0.0000,1.0000
2016-12-30,88.0200,88.1600,87.0700,87.3200,83.2087,2051740,0.0000,1.0000
2016-12-29,87.3000,88.1500,87.3000,87.9300,83.7899,1837797,0.0000,1.0000
2016-12-28,87.5000,87.7700,87.0300,87.3100,83.1991,1384774,0.0000,1.0000
2016-12-27,87.6600,88.0800,87.3000,87.5800,83.4564,1993198,0.0000,1.0000
2016-12-23,87.1000,87.6200,86.9600,87.5700,83.4469,2488277,0.0000,1.0000
2016-12-22,86.4500,87.2900,86.3000,87.2800,83.1705,1966288,0.0000,1.0000
2016-12-21,85.9300,86.9900,85.8000,86.6100,82.5321,2202026,0.0000,1.0000
2016-12-20,86.2800,86.6000,85.3300,85.9800,81.9317,2665452,0.0000,1.0000
2016-12-19,86.3500,86.8900,85.7200,86.6000,82.5226,3365385,0.0000,1.0000
2016-12-16,85.8800,86.5600,84.8600,86.4600,82.3891,6037676,0.0000,1.0000
2016-12-15,85.1300,86.0600,84.1300,85.3700,81.3505,4410125,0.0000,1.0000
2016-12-14,84.9800,85.4000,83.7200,84.3600,80.3880,3348594,0.0000,1.0000
2016-12-13,84.6000,85.6000,84.0300,84.9400,80.9407,3644132,0.0000,1.0000
2016-12-12,83.6000,84.8300,83.2900,84.2000,80.2356,2536296,0.0000,1.0000
2016-12-09,82.5500,83.7925,82.0700,83.7800,79.8353,2381487,0.0000,1.0000
2016-12-08,82.5900,82.7900,81.8600,82.3100,78.4345,2497664,0.0000,1.0000
2016-12-07,80.4400,83.2100,80.2700,82.9500,79.0444,4870172,0.0000,1.0000
2016-12-06,80.6100,80.8780,79.6900,79.9600,76.1952,3566761,0.0000,1.0000
2016-12-05,80.9100,81.1500,80.1150,80.2800,76.5001,4415506,0.0000,1.0000
2016-12-02,80.7400,81.5200,80.3500,80.9100,77.1005,2779307,0.0000,1.0000
2016-12-01,81.5100,81.7800,79.9300,80.4900,76.7002,4044063,0.0000,1.0000
2016-11-30,83.1000,83.5100,81.6500,81.6500,77.8056,3309895,0.6000,1.0000
2016-11-29,83.4000,84.5000,83.1300,84.0000,79.4611,3744596,0.0000,1.0000
2016-11-28,82.9500,83.6700,82.3600,83.2200,78.7232,2642268,0.0000,1.0000
2016-11-25,82.6300,83.2900,82.6300,82.9500,78.4678,1230342,0.0000,1.0000
2016-11-23,83.8000,84.3100,81.7300,82.4400,77.9854,3459998,0.0000,1.0000
2016-11-22,83.8600,84.4698,83.7000,84.0900,79.5462,2647972,0.0000,1.0000
2016-11-21,82.5300,83.8200,82.2050,83.6400,79.1205,2508635,0.0000,1.0000
2016-11-18,82.7000,82.9300,82.0200,82.5300,78.0705,2715717,0.0000,1.0000
2016-11-17,82.3100,82.8400,81.5000,82.8400,78.3637,3161607,0.0000,1.0000
2016-11-16,81.3800,82.7500,81.2900,82.4000,77.9475,3327175,0.0000,1.0000
2016-11-15,80.5700,81.7200,80.2200,81.1400,76.7556,5723931,0.0000,1.0000
2016-11-14,81.0100,81.6300,79.9200,80.0800,75.7529,4463441,0.0000,1.0000
2016-11-11,81.0000,81.7400,80.1600,81.2100,76.8218,4151058,0.0000,1.0000
2016-11-10,85.0300,85.5300,80.5600,81.4200,77.0205,7643625,0.0000,1.0000
2016-11-09,86.1800,86.9700,84.1800,84.9400,80.3503,5097213,0.0000,1.0000
2016-11-08,86.2300,88.8400,86.0700,88.3400,83.5665,2791206,0.0000,1.0000
2016-11-07,85.3200,86.0900,84.3000,86.0300,81.3814,4101146,0.0000,1.0000
2016-11-04,82.0300,85.2400,81.0000,84.0500,79.5084,7825153,0.0000,1.0000
2016-11-03,88.1200,88.3700,86.1300,86.2500,81.5895,5041946,0.0000,1.0000
2016-11-02,88.6300,88.6900,87.9800,88.1500,83.3868,1917836,0.0000,1.0000
2016-11-01,89.0000,89.1800,88.1100,88.3700,83.5949,2542688,0.0000,1.0000
2016-10-31,88.4400,89.1600,88.3100,88.9500,84.1436,3578117,0.0000,1.0000
2016-10-28,87.4800,88.6700,87.4800,88.0800,83.3206,1771052,0.0000,1.0000
2016-10-27,88.1700,88.3699,87.1810,87.6900,82.9517,2127848,0.0000,1.0000
2016-10-26,88.5100,88.7000,87.9100,88.0800,83.3206,1513368,0.0000,1.0000
2016-10-25,89.2300,89.6800,88.1700,88.3600,83.5855,3220140,0.0000,1.0000
2016-10-24,88.6100,89.2200,88.5110,88.9100,84.1057,1744473,0.0000,1.0000
2016-10-21,87.6500,88.1800,86.9797,87.9200,83.1692,2086578,0.0000,1.0000
2016-10-20,87.2200,88.7600,87.2200,87.9600,83.2071,2662129,0.0000,1.0000
2016-10-19,88.9300,88.9500,87.5500,88.0800,83.3206,2720953,0.0000,1.0000
2016-10-18,90.0900,90.1500,88.9000,88.9300,84.1247,2739950,0.0000,1.0000
2016-10-17,88.7200,89.0000,88.0300,88.8300,84.0301,2208358,0.0000,1.0000
2016-10-14,87.3400,88.7000,87.0600,88.5300,83.7463,2388906,0.0000,1.0000
2016-10-13,86.7900,87.3200,86.5000,87.0500,82.3462,2861894,0.0000,1.0000
2016-10-12,88.4600,88.4600,87.0000,87.1400,82.4314,3072897,0.0000,1.0000
2016-10-11,88.2400,88.4999,87.0600,87.2400,82.5260,2508653,0.0000,1.0000
2016-10-10,87.4400,88.6700,87.4400,88.5000,83.7179,2012548,0.0000,1.0000
2016-10-07,87.7600,87.7600,86.7000,87.4000,82.6773,1723648,0.0000,1.0000
2016-10-06,87.0300,87.6600,86.7800,87.4900,82.7625,1172102,0.0000,1.0000
2016-10-05,88.3200,88.3200,87.3400,87.3800,82.6584,1910963,0.0000,1.0000
2016-10-04,89.2900,89.2900,87.6900,88.0200,83.2638,1940530,0.0000,1.0000
2016-10-03,89.2500,89.4600,88.7500,89.0800,84.2666,1857873,0.0000,1.0000
2016-09-30,89.0000,89.9100,88.8500,89.5100,84.6733,2499174,0.0000,1.0000
2016-09-29,89.2300,89.4300,88.4100,88.5700,83.7841,1411764,0.0000,1.0000
2016-09-28,89.5800,89.6200,88.8100,89.5500,84.7112,1628667,0.0000,1.0000
2016-09-27,88.7600,89.4900,88.5200,89.2300,84.4085,1530325,0.0000,1.0000
2016-09-26,88.7800,88.9800,88.0600,88.5300,83.7463,1487435,0.0000,1.0000
2016-09-23,89.1900,89.5000,88.6700,88.8300,84.0301,1466988,0.0000,1.0000
2016-09-22,88.6300,89.1600,88.3400,89.0500,84.2382,1516795,0.0000,1.0000
2016-09-21,87.2600,88.1600,86.7600,87.9100,83.1598,2592413,0.0000,1.0000
2016-09-20,87.4800,87.7200,87.1000,87.1200,82.4125,3018384,0.0000,1.0000
2016-09-19,88.8800,89.0000,86.9000,86.9700,82.2706,4032444,0.0000,1.0000
2016-09-16,88.8300,89.1300,87.6500,88.9400,84.1341,4476758,0.0000,1.0000
2016-09-15,87.3600,89.2600,87.3200,89.1700,84.3517,1967612,0.0000,1.0000
2016-09-14,88.1300,88.8200,87.3800,87.6800,82.9422,1910701,0.0000,1.0000
2016-09-13,89.2700,89.2700,87.4500,88.2700,83.5003,2579768,0.0000,1.0000
2016-09-12,85.5800,88.7000,85.3500,88.5600,83.7747,3014953,0.0000,1.0000
2016-09-09,88.2400,88.3697,85.9500,85.9700,81.3246,3837863,0.0000,1.0000
2016-09-08,89.7000,89.7900,88.7100,89.1900,84.3706,2191620,0.0000,1.0000
2016-09-07,89.2300,89.8100,88.9600,89.7900,84.9382,3344795,0.0000,1.0000
2016-09-06,89.6900,90.1800,89.1347,89.7400,84.8909,1786384,0.0000,1.0000
2016-09-02,89.9000,90.5400,89.1100,89.6100,84.7679,2062089,0.0000,1.0000
2016-09-01,89.5700,89.7100,88.5400,89.4800,84.6449,2215474,0.0000,1.0000
2016-08-31,88.1100,89.8200,88.1100,89.4900,84.6544,2696431,0.0000,1.0000
2016-08-30,88.6300,88.8250,87.7700,87.9700,83.2165,1841543,0.0000,1.0000
2016-08-29,88.3500,88.8100,88.1300,88.5700,83.7841,1685105,0.0000,1.0000
2016-08-26,89.0400,89.4500,87.9200,88.1700,83.4057,1863591,0.0000,1.0000
2016-08-25,88.9900,89.9400,88.6934,88.9000,84.0963,1825891,0.0000,1.0000
2016-08-24,88.8400,88.9900,88.0300,88.9500,84.1436,2581185,0.6000,1.0000
2016-08-23,90.2500,90.4800,89.3472,89.4700,84.0684,2020041,0.0000,1.0000
2016-08-22,89.8800,90.3900,89.5200,89.9700,84.5382,2092812,0.0000,1.0000
2016-08-19,89.6000,90.2000,89.3500,89.9200,84.4912,1694926,0.0000,1.0000
2016-08-18,89.3000,89.8600,89.0998,89.7600,84.3409,1823007,0.0000,1.0000
2016-08-17,89.0500,89.4700,88.2400,89.4100,84.0120,1832898,0.0000,1.0000
2016-08-16,89.0300,89.1700,88.2550,88.9600,83.5892,2259601,0.0000,1.0000
2016-08-15,89.7100,89.8900,88.8500,89.0800,83.7020,1661022,0.0000,1.0000
2016-08-12,89.2300,90.4700,89.2300,89.5600,84.1530,1539255,0.0000,1.0000
2016-08-11,89.7100,90.4300,89.2900,89.4400,84.0402,2588811,0.0000,1.0000
2016-08-10,89.7700,89.9500,88.9700,89.3500,83.9557,1423146,0.0000,1.0000
2016-08-09,88.9300,89.9900,88.7350,89.7800,84.3597,2275827,0.0000,1.0000
2016-08-08,88.7100,88.7900,87.5900,88.7500,83.3919,2427983,0.0000,1.0000
2016-08-05,89.8500,90.4900,88.5000,88.7900,83.4295,5106387,0.0000,1.0000
2016-08-04,85.1300,85.6400,84.6800,85.5400,80.3757,3221770,0.0000,1.0000
2016-08-03,85.3100,85.4759,84.2500,84.9000,79.7743,2491478,0.0000,1.0000
2016-08-02,85.7500,85.7500,84.6400,85.1500,80.0092,2832285,0.0000,1.0000
2016-08-01,86.3000,86.5800,85.5200,85.9700,80.7797,2778456,0.0000,1.0000
2016-07-29,86.2300,86.6300,85.8601,86.3900,81.1744,1778876,0.0000,1.0000
2016-07-28,85.6800,86.2100,85.2400,85.9600,80.7703,2190301,0.0000,1.0000
2016-07-27,87.3800,87.4600,85.2000,85.6300,80.4602,3931690,0.0000,1.0000
2016-07-26,88.5400,88.7900,87.0400,87.0600,81.8039,1553078,0.0000,1.0000
2016-07-25,88.1600,88.4300,87.8300,88.4100,83.0724,1447370,0.0000,1.0000
2016-07-22,88.0200,88.4900,87.8150,88.1600,82.8375,2022941,0.0000,1.0000
2016-07-21,88.1000,88.1900,87.3265,87.6400,82.3489,2081113,0.0000,1.0000
2016-07-20,88.8700,88.9500,87.9400,88.1700,82.8469,2229505,0.0000,1.0000
2016-07-19,88.8400,89.1100,88.2600,88.9700,83.5986,1751675,0.0000,1.0000
2016-07-18,89.0800,89.3000,88.5400,89.1000,83.7208,1769351,0.0000,1.0000
2016-07-15,88.9000,89.2199,88.1300,88.8600,83.4952,2311908,0.0000,1.0000
2016-07-14,89.1400,89.2470,87.8600,88.3400,83.0066,3457827,0.0000,1.0000
2016-07-13,87.8300,89.0800,87.6300,89.0200,83.6456,2702395,0.0000,1.0000
2016-07-12,89.4900,89.7200,87.6300,87.8000,82.4992,4362929,0.0000,1.0000
2016-07-11,89.9300,90.1500,89.3100,89.8400,84.4161,2860458,0.0000,1.0000
2016-07-08,89.9300,90.2600,89.1300,89.8500,84.4255,3703552,0.0000,1.0000
2016-07-07,89.5700,89.8200,88.8100,89.3100,83.9181,2525580,0.0000,1.0000
2016-07-06,88.6500,89.7650,88.2500,89.7400,84.3221,3331672,0.0000,1.0000
2016-07-05,88.1900,89.4900,87.5000,88.7400,83.3825,3320380,0.0000,1.0000
2016-07-01,88.5800,89.4000,88.1500,88.2400,82.9127,2551756,0.0000,1.0000
2016-06-30,86.3900,88.6300,86.1700,88.4800,83.1382,5571245,0.0000,1.0000
2016-06-29,85.0300,86.3300,84.7000,86.1000,80.9019,3348489,0.0000,1.0000
2016-06-28,83.8770,84.7900,83.0000,84.7700,79.6522,3569449,0.0000,1.0000
2016-06-27,83.2300,83.8500,82.5000,83.6300,78.5810,3583834,0.0000,1.0000
2016-06-24,83.7000,85.1000,83.4200,83.7300,78.6750,11942081,0.0000,1.0000
2016-06-23,85.9400,86.3880,85.4250,86.3700,81.1556,2452214,0.0000,1.0000
2016-06-22,85.9400,85.9900,85.0800,85.2100,80.0656,1961395,0.0000,1.0000
2016-06-21,85.5400,86.4400,85.4900,85.6900,80.5166,1953719,0.0000,1.0000
2016-06-20,85.4900,86.5000,85.2375,85.5000,80.3381,2854143,0.0000,1.0000
2016-06-17,85.3400,85.3700,84.0200,84.8200,79.6991,5526748,0.0000,1.0000
2016-06-16,84.6800,85.3200,83.9800,85.2800,80.1314,2333360,0.0000,1.0000
2016-06-15,85.0000,85.3900,84.3600,84.8400,79.7179,2967405,0.0000,1.0000
2016-06-14,84.9400,85.2900,84.3300,84.8800,79.7555,2637713,0.0000,1.0000
2016-06-13,85.2700,85.7500,84.6450,84.9500,79.8213,2790387,0.0000,1.0000
2016-06-10,85.6000,85.6000,84.7100,85.3400,80.1878,2117958,0.0000,1.0000
2016-06-09,84.9200,85.7300,84.7800,85.6200,80.4508,2098598,0.0000,1.0000
2016-06-08,85.0600,85.4200,84.3300,85.1800,80.0374,1757256,0.0000,1.0000
2016-06-07,85.1700,85.6800,84.6200,84.7500,79.6334,2454660,0.0000,1.0000
2016-06-06,85.5000,85.6000,84.6900,84.9900,79.8589,2552651,0.0000,1.0000
2016-06-03,85.0000,85.4200,84.7000,85.3000,80.1502,3031379,0.0000,1.0000
2016-06-02,83.8800,84.7900,83.5500,84.7800,79.6616,2207230,0.0000,1.0000
2016-06-01,83.0900,83.9900,83.0000,83.9500,78.8817,1955414,0.0000,1.0000
2016-05-31,84.1600,84.4400,82.6737,83.1900,78.1676,3943680,0.0000,1.0000
2016-05-27,83.6600,84.2600,83.5000,84.1000,79.0226,1272865,0.0000,1.0000
2016-05-26,84.0200,84.8200,83.7600,83.8100,78.7501,2424016,0.0000,1.0000
2016-05-25,83.5600,84.7800,83.1300,84.2700,79.1824,2701475,0.5750,1.0000
2016-05-24,83.1300,84.3750,82.7000,84.2200,78.5991,2385573,0.0000,1.0000
2016-05-23,82.5100,83.2500,82.4200,82.8100,77.2832,1996906,0.0000,1.0000
2016-05-20,82.4000,82.8600,81.8200,82.4200,76.9192,2720117,0.0000,1.0000
2016-05-19,80.8500,83.0200,80.6100,83.0000,77.4605,3932845,0.0000,1.0000
2016-05-18,81.9500,82.2792,80.4601,81.1800,75.7620,8695601,0.0000,1.0000
2016-05-17,85.6900,86.0600,81.7700,82.1600,76.6766,7395062,0.0000,1.0000
2016-05-16,85.3300,86.2400,85.0400,85.8700,80.1389,2061887,0.0000,1.0000
2016-05-13,86.0300,86.4500,84.7200,85.1300,79.4483,2857256,0.0000,1.0000
2016-05-12,85.4800,86.6600,85.1500,86.3400,80.5776,2427536,0.0000,1.0000
2016-05-11,85.9700,86.5400,85.1900,85.2000,79.5137,2824540,0.0000,1.0000
2016-05-10,84.4400,86.2000,84.2300,86.1400,80.3909,3593730,0.0000,1.0000
2016-05-09,84.0000,84.7900,83.6400,84.2600,78.6364,3272295,0.0000,1.0000
2016-05-06,82.8300,84.0400,81.9400,84.0000,78.3937,3993622,0.0000,1.0000
2016-05-05,82.9600,84.1700,82.5000,82.9700,77.4325,8629304,0.0000,1.0000
2016-05-04,78.4800,80.3000,78.2900,79.9800,74.6420,4686999,0.0000,1.0000
2016-05-03,79.0200,79.2900,78.2210,78.6800,73.4288,2508165,0.0000,1.0000
2016-05-02,78.0700,80.2500,78.0000,79.5200,74.2127,3700714,0.0000,1.0000
2016-04-29,77.6100,78.2850,77.1300,78.0700,72.8595,3208743,0.0000,1.0000
2016-04-28,78.5500,79.2300,78.0900,78.3600,73.1302,1962623,0.0000,1.0000
2016-04-27,79.2200,79.5000,77.9900,79.1000,73.8208,2249598,0.0000,1.0000
2016-04-26,78.7100,79.5500,78.5100,78.7000,73.4475,2315687,0.0000,1.0000
2016-04-25,77.8800,78.8400,77.5400,78.7300,73.4755,2323826,0.0000,1.0000
2016-04-22,76.7000,78.1500,76.7000,78.1000,72.8875,2409831,0.0000,1.0000
2016-04-21,77.7900,77.9200,76.6408,76.7400,71.6183,2110736,0.0000,1.0000
2016-04-20,78.3400,78.6800,77.5000,77.9200,72.7195,1867393,0.0000,1.0000
2016-04-19,78.3400,78.8800,77.8600,78.3000,73.0742,2591180,0.0000,1.0000
2016-04-18,77.9200,78.3600,77.2700,78.3400,73.1115,2207308,0.0000,1.0000
2016-04-15,77.5600,78.2900,77.1300,78.0500,72.8409,3042235,0.0000,1.0000
2016-04-14,77.4000,77.8150,76.8900,77.1700,72.0196,3150477,0.0000,1.0000
2016-04-13,78.6800,78.7300,77.0900,77.4000,72.2342,3246351,0.0000,1.0000
2016-04-12,78.0000,78.6300,77.5400,78.3300,73.1022,2348275,0.0000,1.0000
2016-04-11,78.7300,79.0000,77.8500,77.9100,72.7102,2894766,0.0000,1.0000
2016-04-08,77.9700,78.6000,77.5400,78.4700,73.2328,2138989,0.0000,1.0000
2016-04-07,78.0200,78.2900,77.0250,77.5000,72.3276,3216442,0.0000,1.0000
2016-04-06,78.4200,78.4200,77.5000,78.3600,73.1302,2421860,0.0000,1.0000
2016-04-05,78.4700,78.8500,77.8900,78.0100,72.8035,2679566,0.0000,1.0000
2016-04-04,78.9700,79.0900,78.3800,78.8500,73.5875,3495210,0.0000,1.0000
2016-04-01,78.5300,79.1600,78.1150,79.0800,73.8021,3418193,0.0000,1.0000
2016-03-31,78.9500,78.9500,78.2800,78.5600,73.3168,3400306,0.0000,1.0000
2016-03-30,78.9200,79.0500,78.2700,78.9000,73.6341,3340584,0.0000,1.0000
2016-03-29,77.5800,78.8100,77.0300,78.8000,73.5408,3907409,0.0000,1.0000
2016-03-28,76.6200,77.9300,76.0600,77.7600,72.5702,3581804,0.0000,1.0000
2016-03-24,76.7700,77.2700,75.8585,76.4600,71.3570,3356722,0.0000,1.0000
2016-03-23,76.5700,77.0600,76.2100,76.8100,71.6836,2295790,0.0000,1.0000
2016-03-22,76.9900,77.0248,76.0300,76.4400,71.3383,2615585,0.0000,1.0000
2016-03-21,76.9700,77.5000,76.1700,76.5900,71.4783,3203356,0.0000,1.0000
2016-03-18,78.3800,78.3900,76.7700,77.3100,72.1502,9081037,0.0000,1.0000
2016-03-17,77.5800,78.1000,76.7400,78.0100,72.8035,4506370,0.0000,1.0000
2016-03-16,77.9800,78.1100,76.9500,78.0300,72.8222,3400043,0.5750,1.0000
2016-03-15,77.4600,77.8200,76.8200,77.7800,72.0579,2924740,0.0000,1.0000
2016-03-14,76.8800,77.7699,76.1000,77.5700,71.8633,2278270,0.0000,1.0000
2016-03-11,77.2600,77.3500,76.4100,76.9500,71.2889,2342927,0.0000,1.0000
2016-03-10,76.9800,77.1460,75.5500,76.2200,70.6127,2107224,0.0000,1.0000
2016-03-09,76.6700,77.0000,75.8000,76.6300,70.9925,2631348,0.0000,1.0000
2016-03-08,76.0100,77.1500,75.9400,76.2900,70.6775,2744743,0.0000,1.0000
2016-03-07,77.0100,77.3900,76.1400,76.5000,70.8721,2581169,0.0000,1.0000
2016-03-04,77.9100,77.9200,76.2600,77.2000,71.5206,3677820,0.0000,1.0000
2016-03-03,77.3000,77.5500,76.4600,77.3700,71.6781,3240154,0.0000,1.0000
2016-03-02,77.6100,77.8000,76.1200,77.4900,71.7892,5075812,0.0000,1.0000
2016-03-01,77.6600,77.9200,76.9200,77.6600,71.9467,5445500,0.0000,1.0000
2016-02-29,77.2800,78.0000,76.9300,77.0200,71.3538,4885535,0.0000,1.0000
2016-02-26,78.8000,78.9000,76.6500,77.8400,72.1135,10319742,0.0000,1.0000
2016-02-25,73.4100,74.9800,73.3300,74.9600,69.4453,4962306,0.0000,1.0000
2016-02-24,72.3300,73.3300,71.8250,72.9900,67.6203,3526901,0.0000,1.0000
2016-02-23,73.1000,73.4900,72.5600,72.8200,67.4628,2805581,0.0000,1.0000
2016-02-22,74.3900,74.3900,72.2100,73.3300,67.9353,2916664,0.0000,1.0000
2016-02-19,72.9000,73.6932,72.8300,73.5200,68.1113,4333490,0.0000,1.0000
2016-02-18,74.0800,74.2900,73.3400,73.4500,68.0464,2755154,0.0000,1.0000
2016-02-17,73.0000,74.3900,72.5000,74.2400,68.7783,3628134,0.0000,1.0000
2016-02-16,72.9000,73.0600,71.9200,72.3100,66.9903,3852061,0.0000,1.0000
2016-02-12,72.2000,72.4500,71.0200,71.9200,66.6290,2985772,0.0000,1.0000
2016-02-11,70.9000,71.9600,70.1740,71.4400,66.1843,3041545,0.0000,1.0000
2016-02-10,72.0700,73.3000,71.7128,72.1100,66.8050,2520133,0.0000,1.0000
2016-02-09,70.6000,71.9600,70.0100,71.5100,66.2492,4616880,0.0000,1.0000
2016-02-08,72.0900,72.2000,70.1800,71.2200,65.9805,4704643,0.0000,1.0000
2016-02-05,74.2800,74.5600,72.1400,72.7800,67.4257,9351550,0.0000,1.0000
2016-02-04,75.0400,75.1998,72.9200,74.1500,68.6949,7077139,0.0000,1.0000
2016-02-03,76.3700,76.3700,73.8300,74.8900,69.3805,6239683,0.0000,1.0000
2016-02-02,75.9700,76.8000,75.7200,75.9700,70.3810,5631636,0.0000,1.0000
2016-02-01,77.3700,77.4800,75.6700,77.0100,71.3445,3564201,0.0000,1.0000
2016-01-29,76.9000,78.2200,76.4000,78.0600,72.3173,4508248,0.0000,1.0000
2016-01-28,76.2700,76.9900,75.4800,76.1600,70.5571,3542405,0.0000,1.0000
2016-01-27,75.8700,77.1500,75.1500,75.9700,70.3810,5348171,0.0000,1.0000
2016-01-26,73.3700,76.0000,73.3700,75.9800,70.3903,3851276,0.0000,1.0000
2016-01-25,73.7000,74.6700,73.3401,74.0300,68.5838,4123073,0.0000,1.0000
2016-01-22,73.6000,74.5000,72.5100,74.3900,68.9173,3111765,0.0000,1.0000
2016-01-21,72.0000,73.3300,71.3262,73.0500,67.6759,6208213,0.0000,1.0000
2016-01-20,69.2800,71.5800,68.7400,71.1700,65.9342,4606976,0.0000,1.0000
2016-01-19,70.0100,70.5200,69.5500,70.1700,65.0077,5107078,0.0000,1.0000
2016-01-15,68.9000,70.1500,68.1800,69.2000,64.1091,6551215,0.0000,1.0000
2016-01-14,70.9600,71.5277,70.3040,70.7400,65.5358,4610603,0.0000,1.0000
2016-01-13,73.1900,73.4400,70.6400,70.8100,65.6007,3448459,0.0000,1.0000
2016-01-12,72.8500,73.3500,72.1316,73.2300,67.8426,2924618,0.0000,1.0000
2016-01-11,71.3500,72.5300,70.7700,72.2700,66.9532,3329473,0.0000,1.0000
2016-01-08,72.1900,72.4700,71.1000,71.1800,65.9434,3092105,0.0000,1.0000
2016-01-07,72.0100,72.9900,71.8500,71.9000,66.6105,4050321,0.0000,1.0000
2016-01-06,72.2000,73.6800,72.0300,73.5300,68.1206,3294730,0.0000,1.0000
2016-01-05,72.7400,73.5800,72.2800,73.3900,67.9909,3858575,0.0000,1.0000
2016-01-04,71.3800,72.8500,71.3500,72.7000,67.3516,5209447,0.0000,1.0000
2015-12-31,73.3700,73.5000,72.6300,72.7600,67.4072,1857050,0.0000,1.0000
2015-12-30,74.6500,74.9600,73.7100,73.7500,68.3244,1779981,0.0000,1.0000
2015-12-29,73.6500,74.8600,73.4000,74.6900,69.1952,4351737,0.0000,1.0000
2015-12-28,73.7100,73.7844,72.8900,73.4200,68.0186,5421794,0.0000,1.0000
2015-12-24,74.8100,74.8100,73.8800,73.9600,68.5189,1962511,0.0000,1.0000
2015-12-23,73.3000,74.7800,72.9900,74.5100,69.0285,4193443,0.0000,1.0000
2015-12-22,71.6400,73.1900,71.3150,72.9300,67.5647,5053274,0.0000,1.0000
2015-12-21,70.5200,71.6600,70.3700,71.3800,66.1287,5466879,0.5750,1.0000
2015-12-18,71.4200,71.9400,70.6300,70.6700,64.9478,6568343,0.0000,1.0000
2015-12-17,72.9500,73.3000,71.9000,71.9200,66.0966,2402721,0.0000,1.0000
2015-12-16,72.6100,73.2000,71.8900,73.0100,67.0983,2176876,0.0000,1.0000
2015-12-15,71.7300,72.7500,71.6500,72.0100,66.1793,4168696,0.0000,1.0000
2015-12-14,70.0700,71.0800,69.7700,70.9750,65.2281,3895009,0.0000,1.0000
2015-12-11,70.0900,70.6900,69.3900,69.6900,64.0471,3755995,0.0000,1.0000
2015-12-10,70.8300,71.3350,70.5100,70.8400,65.1040,2733737,0.0000,1.0000
2015-12-09,71.1600,72.1700,70.5000,70.9000,65.1591,3940794,0.0000,1.0000
2015-12-08,71.0000,71.6548,70.5880,71.5300,65.7381,4520579,0.0000,1.0000
2015-12-07,71.9200,72.2045,70.8503,71.4300,65.6462,3323628,0.0000,1.0000
2015-12-04,71.4000,72.7300,71.0700,72.2200,66.3723,4495856,0.0000,1.0000
2015-12-03,73.3000,73.6800,71.0900,71.4600,65.6738,3019136,0.0000,1.0000
2015-12-02,74.2100,74.6199,72.9201,73.0400,67.1259,2568705,0.0000,1.0000
2015-12-01,74.2300,75.0000,73.8000,74.4700,68.4401,3749325,0.0000,1.0000
2015-11-30,74.5200,74.8600,73.5000,73.6900,67.7232,4200074,0.0000,1.0000
2015-11-27,74.5700,75.0000,74.2200,74.6100,68.5687,777321,0.0000,1.0000
2015-11-25,74.4500,74.9200,73.8500,74.6400,68.5963,2384073,0.0000,1.0000
2015-11-24,73.7300,74.5100,73.6800,74.4700,68.4401,2863937,0.0000,1.0000
2015-11-23,74.0300,74.5400,73.8950,74.0700,68.0725,2706173,0.0000,1.0000
2015-11-20,74.1700,75.5700,73.4000,73.6500,67.6865,4003244,0.0000,1.0000
2015-11-19,73.2500,73.7300,72.3400,73.3400,67.4016,2828653,0.0000,1.0000
2015-11-18,71.8400,73.0350,71.1700,72.5850,66.7077,3780235,0.0000,1.0000
2015-11-17,72.1000,72.1300,70.6400,71.4500,65.6646,4247437,0.0000,1.0000
2015-11-16,71.0200,72.1100,70.9400,71.6550,65.8530,2398441,0.0000,1.0000
2015-11-13,70.6200,71.7100,70.5801,70.7700,65.0397,3008004,0.0000,1.0000
2015-11-12,71.1800,71.3775,70.2500,70.9000,65.1591,3931505,0.5750,1.0000
2015-11-11,72.7000,72.8600,71.3600,72.1100,65.7380,3537798,0.0000,1.0000
2015-11-10,71.7500,72.2200,71.1506,72.0800,65.7107,3470418,0.0000,1.0000
2015-11-09,72.0000,72.6800,70.8500,71.2400,64.9449,4231011,0.0000,1.0000
2015-11-06,73.7500,74.5000,71.5800,72.0100,65.6469,8819867,0.0000,1.0000
2015-11-05,76.2000,76.4989,74.7500,75.4200,68.7555,3347202,0.0000,1.0000
2015-11-04,76.3200,76.6683,75.2400,75.8200,69.1202,2631285,0.0000,1.0000
2015-11-03,77.8300,77.9999,75.8803,76.4300,69.6763,4489805,0.0000,1.0000
2015-11-02,78.4300,78.9300,77.7200,78.2700,71.3537,1536530,0.0000,1.0000
2015-10-30,78.3700,78.9900,77.8600,77.9700,71.0802,2053021,0.0000,1.0000
2015-10-29,78.8400,78.9970,77.8490,78.6500,71.7001,1788502,0.0000,1.0000
2015-10-28,77.1500,79.2000,76.3400,79.1800,72.1833,2382026,0.0000,1.0000
2015-10-27,76.2100,77.4799,76.2100,77.1700,70.3509,2435227,0.0000,1.0000
2015-10-26,78.1800,78.1800,76.4800,76.8100,70.0227,2563812,0.0000,1.0000
2015-10-23,79.1500,79.8900,77.4300,77.9800,71.0893,3179036,0.0000,1.0000
2015-10-22,77.2200,79.9400,77.2200,79.9400,72.8761,3951738,0.0000,1.0000
2015-10-21,77.0000,77.7400,76.6300,77.0500,70.2415,2371767,0.0000,1.0000
2015-10-20,76.2000,77.1599,76.1100,76.8700,70.0774,1922053,0.0000,1.0000
2015-10-19,76.8900,77.1999,76.2900,76.8000,70.0136,1951906,0.0000,1.0000
2015-10-16,75.6800,78.0000,74.8700,77.3900,70.5515,3435205,0.0000,1.0000
2015-10-15,74.1500,75.2200,73.9220,75.2200,68.5732,2135670,0.0000,1.0000
2015-10-14,73.1200,74.3000,73.0000,73.7700,67.2514,1956846,0.0000,1.0000
2015-10-13,73.6100,73.9300,73.1800,73.3800,66.8958,2147545,0.0000,1.0000
2015-10-12,74.4100,74.4100,73.3100,73.7200,67.2058,2081888,0.0000,1.0000
2015-10-09,74.4100,75.2200,73.9900,74.3900,67.8166,2938086,0.0000,1.0000
2015-10-08,73.1600,74.4700,72.7400,74.4300,67.8530,2239703,0.0000,1.0000
2015-10-07,72.7400,73.7400,72.4801,73.1500,66.6861,2325233,0.0000,1.0000
2015-10-06,72.2900,73.0500,71.8900,72.4700,66.0662,2819787,0.0000,1.0000
2015-10-05,72.0000,73.2500,71.3496,72.2400,65.8565,6323458,0.0000,1.0000
2015-10-02,70.1900,71.4600,69.3700,71.4100,65.0999,2593109,0.0000,1.0000
2015-10-01,71.2700,71.9700,69.7701,70.8300,64.5711,2519675,0.0000,1.0000
2015-09-30,69.6700,70.8000,69.4600,70.5800,64.3432,3052710,0.0000,1.0000
2015-09-29,70.1600,70.9800,68.6500,69.2000,63.0852,3870926,0.0000,1.0000
2015-09-28,72.8100,73.2700,69.9900,69.9900,63.8054,4974381,0.0000,1.0000
2015-09-25,73.8000,73.8500,72.7800,73.3500,66.8685,3517027,0.0000,1.0000
2015-09-24,73.0000,73.1400,71.7000,72.9200,66.4765,4416111,0.0000,1.0000
2015-09-23,74.1700,74.5980,73.2551,73.3100,66.8320,3713174,0.0000,1.0000
2015-09-22,74.1500,74.8700,73.6600,74.3100,67.7436,2628741,0.0000,1.0000
2015-09-21,75.6900,76.1900,74.9600,75.2000,68.5550,3256338,0.0000,1.0000
2015-09-18,75.5500,76.5000,75.0100,75.4400,68.7738,7231726,0.0000,1.0000
2015-09-17,76.5800,77.7599,76.0000,76.4300,69.6763,3142630,0.0000,1.0000
2015-09-16,75.2000,76.7100,74.3000,76.3700,69.6216,2302883,0.0000,1.0000
2015-09-15,74.9400,75.5200,73.7550,75.3900,68.7282,3393323,0.0000,1.0000
2015-09-14,73.5000,74.7100,72.5550,74.5500,67.9624,2927415,0.0000,1.0000
2015-09-11,72.2500,73.9300,71.6000,73.7600,67.2422,2146733,0.0000,1.0000
2015-09-10,72.1300,73.0500,71.7800,72.1600,65.7836,3619666,0.0000,1.0000
2015-09-09,74.4500,74.5000,71.9800,72.1700,65.7927,2936421,0.0000,1.0000
2015-09-08,71.8500,74.3300,70.8100,74.0700,67.5248,4450669,0.0000,1.0000
2015-09-04,71.1400,71.6900,70.1290,70.5700,64.3341,2997042,0.0000,1.0000
2015-09-03,72.5600,73.8900,71.7900,72.1600,65.7836,2595274,0.0000,1.0000
2015-09-02,70.8400,72.0700,70.3100,72.0700,65.7016,2986466,0.0000,1.0000
2015-09-01,71.2300,72.5400,69.6400,70.1200,63.9239,4671422,0.0000,1.0000
2015-08-31,74.2100,74.4300,72.5700,72.6600,66.2394,2688401,0.0000,1.0000
2015-08-28,74.4000,75.1900,73.8200,74.6900,68.0901,2150122,0.0000,1.0000
2015-08-27,73.1700,75.2500,73.1200,75.1800,68.5368,5937763,0.0000,1.0000
2015-08-26,71.7200,74.1100,69.5300,73.9100,67.3790,5356315,0.0000,1.0000
2015-08-25,71.5400,72.4000,70.0000,70.2100,64.0059,4423354,0.0000,1.0000
2015-08-24,68.2400,72.2400,61.4200,70.8700,64.6076,9844588,0.0000,1.0000
2015-08-21,73.3100,74.2500,72.2600,72.2700,65.8839,5564549,0.0000,1.0000
2015-08-20,74.0200,74.7644,73.7800,74.2500,67.6889,2206972,0.0000,1.0000
2015-08-19,75.0000,75.2900,73.9200,74.7800,68.1721,3026467,0.0000,1.0000
2015-08-18,75.7200,75.9530,75.0600,75.1900,68.5459,2009695,0.0000,1.0000
2015-08-17,75.8600,76.4100,75.5100,75.8000,69.1020,2260346,0.0000,1.0000
2015-08-14,76.0700,76.7400,75.1170,76.4200,69.6672,2573375,0.0000,1.0000
2015-08-13,77.0100,77.0700,75.8000,75.9900,69.2752,2917485,0.0000,1.0000
2015-08-12,77.8300,78.3100,76.0900,76.6900,69.9133,3688888,0.0000,1.0000
2015-08-11,77.6300,80.4800,77.0700,77.9700,71.0802,3889072,0.0000,1.0000
2015-08-10,79.4300,79.8000,78.5700,78.8100,71.8460,3252284,0.0000,1.0000
2015-08-07,79.1400,79.3800,77.2900,78.4600,71.5269,3274134,0.0000,1.0000
2015-08-06,81.0500,81.1900,79.5100,79.7600,72.7120,3708640,0.0000,1.0000
2015-08-05,80.0100,81.0000,79.8500,80.4800,73.3684,2684886,0.0000,1.0000
2015-08-04,80.5700,81.0000,79.6700,79.8100,72.7576,2429632,0.0000,1.0000
2015-08-03,80.0000,81.0300,79.9100,80.3700,73.2681,2681801,0.0000,1.0000
2015-07-31,79.9400,79.9400,78.8650,79.4700,72.4477,2685520,0.0000,1.0000
2015-07-30,78.2100,79.6900,77.6000,79.2100,72.2106,3246987,0.0000,1.0000
2015-07-29,78.2600,78.2999,77.0000,77.9100,71.0255,2278559,0.0000,1.0000
2015-07-28,78.4400,78.6500,77.5000,78.3200,71.3993,1895916,0.0000,1.0000
2015-07-27,76.6300,77.9800,76.2900,77.3800,70.5424,5774342,0.0000,1.0000
2015-07-24,76.9200,77.4300,75.9500,76.4100,69.6581,3116008,0.0000,1.0000
2015-07-23,78.4200,78.5700,76.6400,76.7400,69.9589,2975649,0.5500,1.0000
2015-07-22,80.8300,80.9000,78.5800,78.6400,71.1809,5201248,0.0000,1.0000
2015-07-21,79.9700,80.6800,79.4000,80.2200,72.6110,6123210,0.0000,1.0000
2015-07-20,79.9500,81.2000,79.1300,80.1100,72.5114,10284545,0.0000,1.0000
2015-07-17,79.4300,79.6900,77.2600,79.6300,72.0770,6100876,0.0000,1.0000
2015-07-16,76.9700,78.8400,76.9501,78.7500,71.2804,5634050,0.0000,1.0000
2015-07-15,77.6500,78.1700,76.4000,76.7100,69.4339,6330496,0.0000,1.0000
2015-07-14,79.4500,79.5000,77.6500,78.0000,70.6016,18746119,0.0000,1.0000
2015-07-13,79.5000,79.7000,77.9100,78.8300,71.3528,9078901,0.0000,1.0000
2015-07-10,75.0500,77.8000,75.0000,77.3100,69.9770,4982979,0.0000,1.0000
2015-07-09,76.4700,77.0660,74.5000,74.8000,67.7051,4267057,0.0000,1.0000
2015-07-08,74.3000,75.5000,74.0400,75.4000,68.2482,4277461,0.0000,1.0000
2015-07-07,73.7300,74.7100,72.9600,74.6300,67.5512,5794811,0.0000,1.0000
2015-07-06,71.0000,74.2900,71.0000,72.9600,66.0396,3809713,16.5000,1.0000
